defense,depth,viewport,fps,launch,shot,outside,actor_outside,path,rotation
False,18.0,"(1280, 720)",30,"(0.0, -2.0, 8.0)",local,0,0,0.0,0.0
True,18.0,"(1280, 720)",30,"(0.0, -2.0, 8.0)",ground,0,0,0.0299998018890619,0.0791293690406109
False,18.0,"(1280, 720)",30,"(5.0, -1.0, 22.0)",ground,0,0,14.5639338418841,34.4465261750682
True,18.0,"(1280, 720)",30,"(5.0, -1.0, 22.0)",ground,0,0,10.4973510317504,27.8483258142879
False,18.0,"(1280, 720)",30,"(0.0, 2.0, 33.0)",ground,0,0,12.5903055481613,33.8696950551647
True,18.0,"(1280, 720)",30,"(0.0, 2.0, 33.0)",ground,0,0,11.1973813734949,27.3441826147383
False,18.0,"(1280, 720)",30,"(0.0, 18.0, 26.0)",flight,0,0,16.2058696262538,34.3698792196051
True,18.0,"(1280, 720)",30,"(0.0, 18.0, 26.0)",flight,0,0,13.4493276067078,49.3627855317399
False,18.0,"(1280, 720)",30,"(0.0, 22.0, 5.0)",flight,0,0,30.868054933846,34.8112459170393
True,18.0,"(1280, 720)",30,"(0.0, 22.0, 5.0)",popup,0,0,26.578689288348,41.5743039224592
False,18.0,"(1280, 720)",120,"(0.0, -2.0, 8.0)",local,0,0,0.0,0.0
True,18.0,"(1280, 720)",120,"(0.0, -2.0, 8.0)",ground,0,0,0.0300006717443466,0.0791293623705043
False,18.0,"(1280, 720)",120,"(5.0, -1.0, 22.0)",ground,0,0,14.4612434986047,34.0209734799864
True,18.0,"(1280, 720)",120,"(5.0, -1.0, 22.0)",ground,0,0,10.4255329458974,27.5034833201888
False,18.0,"(1280, 720)",120,"(0.0, 2.0, 33.0)",ground,0,0,12.085581196472,33.626076011256
True,18.0,"(1280, 720)",120,"(0.0, 2.0, 33.0)",ground,0,0,10.8220781502314,27.1237844030737
False,18.0,"(1280, 720)",120,"(0.0, 18.0, 26.0)",flight,0,0,15.7341761239804,33.8837044334929
True,18.0,"(1280, 720)",120,"(0.0, 18.0, 26.0)",flight,0,0,13.2245333222672,49.0004251932402
False,18.0,"(1280, 720)",120,"(0.0, 22.0, 5.0)",flight,0,0,30.7978987237439,35.1027330277351
True,18.0,"(1280, 720)",120,"(0.0, 22.0, 5.0)",popup,0,0,26.6183797251433,41.4892315251135
False,18.0,"(900, 900)",30,"(0.0, -2.0, 8.0)",local,0,0,0.0,0.0
True,18.0,"(900, 900)",30,"(0.0, -2.0, 8.0)",ground,0,0,0.0299998018890619,0.0791293690406109
False,18.0,"(900, 900)",30,"(5.0, -1.0, 22.0)",ground,0,0,14.5639338418841,34.4465261750682
True,18.0,"(900, 900)",30,"(5.0, -1.0, 22.0)",ground,0,0,10.4999730959535,27.8483258142879
False,18.0,"(900, 900)",30,"(0.0, 2.0, 33.0)",ground,0,0,12.5903055481613,33.8696950551647
True,18.0,"(900, 900)",30,"(0.0, 2.0, 33.0)",ground,0,0,11.1972836516798,27.3441826147383
False,18.0,"(900, 900)",30,"(0.0, 18.0, 26.0)",flight,0,0,16.2058696262538,34.3698792196051
True,18.0,"(900, 900)",30,"(0.0, 18.0, 26.0)",flight,0,0,15.936283249408,49.3627855317399
False,18.0,"(900, 900)",30,"(0.0, 22.0, 5.0)",flight,0,0,30.868054933846,34.8112459170393
True,18.0,"(900, 900)",30,"(0.0, 22.0, 5.0)",popup,0,0,26.578689288348,41.5743039224592
False,18.0,"(900, 900)",120,"(0.0, -2.0, 8.0)",local,0,0,0.0,0.0
True,18.0,"(900, 900)",120,"(0.0, -2.0, 8.0)",ground,0,0,0.0300006717443466,0.0791293623705043
False,18.0,"(900, 900)",120,"(5.0, -1.0, 22.0)",ground,0,0,14.4612434986047,34.0209734799864
True,18.0,"(900, 900)",120,"(5.0, -1.0, 22.0)",ground,0,0,10.4288485529833,27.5034833201888
False,18.0,"(900, 900)",120,"(0.0, 2.0, 33.0)",ground,0,0,12.085581196472,33.626076011256
True,18.0,"(900, 900)",120,"(0.0, 2.0, 33.0)",ground,0,0,10.8221126319841,27.1237844030737
False,18.0,"(900, 900)",120,"(0.0, 18.0, 26.0)",flight,0,0,15.7341761239804,33.8837044334929
True,18.0,"(900, 900)",120,"(0.0, 18.0, 26.0)",flight,0,0,15.7323032347485,49.0004251932402
False,18.0,"(900, 900)",120,"(0.0, 22.0, 5.0)",flight,0,0,30.7978987237439,35.1027330277351
True,18.0,"(900, 900)",120,"(0.0, 22.0, 5.0)",popup,0,0,26.6183797251433,41.4892315251135
False,32.0,"(1280, 720)",30,"(0.0, -2.0, 8.0)",local,0,0,0.0,0.0
True,32.0,"(1280, 720)",30,"(0.0, -2.0, 8.0)",ground,0,0,0.0480001047253609,0.0791293690406109
False,32.0,"(1280, 720)",30,"(5.0, -1.0, 22.0)",ground,0,0,30.2086574006826,34.6438659348991
True,32.0,"(1280, 720)",30,"(5.0, -1.0, 22.0)",ground,0,0,27.0083481669426,28.2893242151154
False,32.0,"(1280, 720)",30,"(0.0, 2.0, 33.0)",ground,0,0,26.0662260465324,34.8212415953998
True,32.0,"(1280, 720)",30,"(0.0, 2.0, 33.0)",ground,0,0,23.8216882646084,28.1280806343411
False,32.0,"(1280, 720)",30,"(0.0, 18.0, 26.0)",flight,0,0,30.8457722254097,34.7227271323034
True,32.0,"(1280, 720)",30,"(0.0, 18.0, 26.0)",flight,0,0,30.6157987639308,49.6561265285321
False,32.0,"(1280, 720)",30,"(0.0, 22.0, 5.0)",flight,0,0,28.322884388268,34.8112459170393
True,32.0,"(1280, 720)",30,"(0.0, 22.0, 5.0)",popup,0,0,28.4022642970085,41.5743039224592
False,32.0,"(1280, 720)",120,"(0.0, -2.0, 8.0)",local,0,0,0.0,0.0
True,32.0,"(1280, 720)",120,"(0.0, -2.0, 8.0)",ground,0,0,0.047999769449234,0.0791293623705043
False,32.0,"(1280, 720)",120,"(5.0, -1.0, 22.0)",ground,0,0,30.2034458126873,34.0755085517852
True,32.0,"(1280, 720)",120,"(5.0, -1.0, 22.0)",ground,0,0,27.1061180932447,28.0178241755971
False,32.0,"(1280, 720)",120,"(0.0, 2.0, 33.0)",ground,0,0,25.7014749189839,34.1064427720209
True,32.0,"(1280, 720)",120,"(0.0, 2.0, 33.0)",ground,0,0,23.5075248079374,27.5589958961115
False,32.0,"(1280, 720)",120,"(0.0, 18.0, 26.0)",flight,0,0,30.8389941668138,34.3676741023698
True,32.0,"(1280, 720)",120,"(0.0, 18.0, 26.0)",flight,0,0,30.7403155490756,49.1191192367959
False,32.0,"(1280, 720)",120,"(0.0, 22.0, 5.0)",flight,0,0,28.4210581509396,35.1027330277351
True,32.0,"(1280, 720)",120,"(0.0, 22.0, 5.0)",popup,0,0,28.4255955303088,41.4892315251135
False,32.0,"(900, 900)",30,"(0.0, -2.0, 8.0)",local,0,0,0.0,0.0
True,32.0,"(900, 900)",30,"(0.0, -2.0, 8.0)",ground,0,0,0.0480001047253609,0.0791293690406109
False,32.0,"(900, 900)",30,"(5.0, -1.0, 22.0)",ground,0,0,30.2086574006826,34.6438659348991
True,32.0,"(900, 900)",30,"(5.0, -1.0, 22.0)",ground,0,0,27.0083481669426,28.2893242151154
False,32.0,"(900, 900)",30,"(0.0, 2.0, 33.0)",ground,0,0,26.0662260465324,34.8212415953998
True,32.0,"(900, 900)",30,"(0.0, 2.0, 33.0)",ground,0,0,23.8231750428677,28.1280806343411
False,32.0,"(900, 900)",30,"(0.0, 18.0, 26.0)",flight,0,0,30.8457722254097,34.7227271323034
True,32.0,"(900, 900)",30,"(0.0, 18.0, 26.0)",flight,0,0,29.6581571921706,49.6561265285321
False,32.0,"(900, 900)",30,"(0.0, 22.0, 5.0)",flight,0,0,28.322884388268,34.8112459170393
True,32.0,"(900, 900)",30,"(0.0, 22.0, 5.0)",popup,0,0,28.4022642970085,41.5743039224592
False,32.0,"(900, 900)",120,"(0.0, -2.0, 8.0)",local,0,0,0.0,0.0
True,32.0,"(900, 900)",120,"(0.0, -2.0, 8.0)",ground,0,0,0.047999769449234,0.0791293623705043
False,32.0,"(900, 900)",120,"(5.0, -1.0, 22.0)",ground,0,0,30.2034458126873,34.0755085517852
True,32.0,"(900, 900)",120,"(5.0, -1.0, 22.0)",ground,0,0,27.1061180932447,28.0178241755971
False,32.0,"(900, 900)",120,"(0.0, 2.0, 33.0)",ground,0,0,25.7014749189839,34.1064427720209
True,32.0,"(900, 900)",120,"(0.0, 2.0, 33.0)",ground,0,0,23.5090538887307,27.5589958961115
False,32.0,"(900, 900)",120,"(0.0, 18.0, 26.0)",flight,0,0,30.8389941668138,34.3676741023698
True,32.0,"(900, 900)",120,"(0.0, 18.0, 26.0)",flight,0,0,29.7181588644162,49.1191192367959
False,32.0,"(900, 900)",120,"(0.0, 22.0, 5.0)",flight,0,0,28.4210581509396,35.1027330277351
True,32.0,"(900, 900)",120,"(0.0, 22.0, 5.0)",popup,0,0,28.4255955303088,41.4892315251135
False,55.0,"(1280, 720)",30,"(0.0, -2.0, 8.0)",local,0,0,0.0,0.0
True,55.0,"(1280, 720)",30,"(0.0, -2.0, 8.0)",ground,0,0,0.0811614096164703,0.633034905634141
False,55.0,"(1280, 720)",30,"(5.0, -1.0, 22.0)",ground,0,0,33.0043032839894,25.9885429633447
True,55.0,"(1280, 720)",30,"(5.0, -1.0, 22.0)",ground,0,0,29.6459866538644,23.7014958913086
False,55.0,"(1280, 720)",30,"(0.0, 2.0, 33.0)",ground,0,0,45.0542181329802,34.691610111126
True,55.0,"(1280, 720)",30,"(0.0, 2.0, 33.0)",ground,0,0,40.8636578544974,23.5355719834364
False,55.0,"(1280, 720)",30,"(0.0, 18.0, 26.0)",ground,0,0,43.4118025302887,34.6090323503281
True,55.0,"(1280, 720)",30,"(0.0, 18.0, 26.0)",flight,0,0,35.993991330266,46.7461015942032
False,55.0,"(1280, 720)",30,"(0.0, 22.0, 5.0)",flight,0,0,38.4365536794066,34.7405656587547
True,55.0,"(1280, 720)",30,"(0.0, 22.0, 5.0)",popup,0,0,25.7972171381116,37.160524313362
False,55.0,"(1280, 720)",120,"(0.0, -2.0, 8.0)",local,0,0,0.0,0.0
True,55.0,"(1280, 720)",120,"(0.0, -2.0, 8.0)",ground,0,0,0.0811641365289688,2.29475150874462
False,55.0,"(1280, 720)",120,"(5.0, -1.0, 22.0)",ground,0,0,32.9014609986916,25.239925999085
True,55.0,"(1280, 720)",120,"(5.0, -1.0, 22.0)",ground,0,0,29.579112386331,23.5258708936695
False,55.0,"(1280, 720)",120,"(0.0, 2.0, 33.0)",ground,0,0,45.0595821309835,33.6261401710114
True,55.0,"(1280, 720)",120,"(0.0, 2.0, 33.0)",ground,0,0,41.1755864168517,24.0214110764231
False,55.0,"(1280, 720)",120,"(0.0, 18.0, 26.0)",ground,0,0,43.4366075946018,44.4591054751114
True,55.0,"(1280, 720)",120,"(0.0, 18.0, 26.0)",flight,0,0,36.3368163313717,46.6144135393032
False,55.0,"(1280, 720)",120,"(0.0, 22.0, 5.0)",flight,0,0,38.4688463080674,35.2848086021016
True,55.0,"(1280, 720)",120,"(0.0, 22.0, 5.0)",popup,0,0,25.7782590044662,37.1525273858084
False,55.0,"(900, 900)",30,"(0.0, -2.0, 8.0)",local,0,0,0.0,0.0
True,55.0,"(900, 900)",30,"(0.0, -2.0, 8.0)",ground,0,0,0.0811614096164703,0.633034905634141
False,55.0,"(900, 900)",30,"(5.0, -1.0, 22.0)",ground,0,0,33.0043032839894,25.9885429633447
True,55.0,"(900, 900)",30,"(5.0, -1.0, 22.0)",ground,0,0,29.6514088883996,23.7014958913086
False,55.0,"(900, 900)",30,"(0.0, 2.0, 33.0)",ground,0,0,45.0542181329802,34.691610111126
True,55.0,"(900, 900)",30,"(0.0, 2.0, 33.0)",ground,0,0,40.8636578544974,23.5355719834364
False,55.0,"(900, 900)",30,"(0.0, 18.0, 26.0)",ground,0,0,43.4118025302887,34.6090323503281
True,55.0,"(900, 900)",30,"(0.0, 18.0, 26.0)",flight,0,0,37.5610780566931,46.7461015942032
False,55.0,"(900, 900)",30,"(0.0, 22.0, 5.0)",flight,0,0,38.4365536794066,34.7405656587547
True,55.0,"(900, 900)",30,"(0.0, 22.0, 5.0)",popup,0,0,25.7972171381116,37.160524313362
False,55.0,"(900, 900)",120,"(0.0, -2.0, 8.0)",local,0,0,0.0,0.0
True,55.0,"(900, 900)",120,"(0.0, -2.0, 8.0)",ground,0,0,0.0811641365289688,2.29475150874462
False,55.0,"(900, 900)",120,"(5.0, -1.0, 22.0)",ground,0,0,32.9014609986916,25.239925999085
True,55.0,"(900, 900)",120,"(5.0, -1.0, 22.0)",ground,0,0,29.5878480803221,23.5258708936695
False,55.0,"(900, 900)",120,"(0.0, 2.0, 33.0)",ground,0,0,45.0595821309835,33.6261401710114
True,55.0,"(900, 900)",120,"(0.0, 2.0, 33.0)",ground,0,0,41.1755864168517,24.0214110764231
False,55.0,"(900, 900)",120,"(0.0, 18.0, 26.0)",ground,0,0,43.4366075946018,44.4591054751114
True,55.0,"(900, 900)",120,"(0.0, 18.0, 26.0)",flight,0,0,37.903894668445,46.6144135393032
False,55.0,"(900, 900)",120,"(0.0, 22.0, 5.0)",flight,0,0,38.4688463080674,35.2848086021016
True,55.0,"(900, 900)",120,"(0.0, 22.0, 5.0)",popup,0,0,25.7782590044662,37.1525273858084
