version,case,sample,time_s,path_m,angular_travel_deg,fov_deg,camera_x,camera_y,camera_z
before,soft_grounder,first_half_second,0.5,14.3914089947939,35.7888825292589,70.0,0.0413452722132206,13.5517625808716,-11.3914222717285
before,soft_grounder,observation_end,0.5,14.3914089947939,35.7888825292589,70.0,0.0413452722132206,13.5517625808716,-11.3914222717285
before,hard_grounder,first_half_second,0.5,14.9982417523861,34.4181773581912,70.0,1.56310892105103,13.5225744247437,-8.5011100769043
before,hard_grounder,observation_end,1.55,27.0609697550535,37.3523676585511,70.0,6.39089298248291,13.5244483947754,2.53448700904846
before,fast_liner,first_half_second,0.5,16.1841467618942,33.9975944795042,70.0,0.438585042953491,14.2909631729126,-6.39522409439087
before,fast_liner,observation_end,0.983333333333333,23.9424025714397,36.2974178105841,70.0,1.65718078613281,13.8010969161987,1.23683094978333
before,deep_fly,first_half_second,0.5,20.5404134392738,38.5020319231668,70.0,0.391860961914062,20.2520065307617,-7.80070209503174
before,deep_fly,observation_end,1.31666666666667,32.3458345979452,40.0502654568209,70.0,2.34736967086792,25.7926273345947,2.11571049690247
before,short_popup,first_half_second,0.5,22.4372012615204,41.6435627309992,70.0,0.205367118120193,22.1043834686279,-12.1671695709229
before,short_popup,observation_end,3.0,42.1862778477371,48.6557946717942,70.0,3.58575248718262,24.7700462341309,-6.33836317062378
after,soft_grounder,first_half_second,0.5,0.0,0.0,70.0,0.180000007152557,2.09999990463257,-3.38000011444092
after,soft_grounder,observation_end,0.5,0.0,0.0,70.0,0.180000007152557,2.09999990463257,-3.38000011444092
after,hard_grounder,first_half_second,0.5,5.02571531338617,13.1727587821408,70.0,1.84119343757629,2.05607271194458,1.26410043239594
after,hard_grounder,observation_end,1.55,19.2201488981955,34.509546332843,70.0,7.22291994094849,8.26394653320312,12.0686302185059
after,fast_liner,first_half_second,0.5,6.77724806964397,27.9855662326837,70.0,0.575377941131592,5.29367637634277,2.26566529273987
after,fast_liner,observation_end,0.983333333333333,16.3573471158743,34.3319253658314,70.0,1.95035672187805,8.16272830963135,11.1572322845459
after,deep_fly,first_half_second,0.5,6.55368768796325,20.4423359824719,75.0234298706055,0.539299726486206,6.8717360496521,0.494265407323837
after,deep_fly,observation_end,1.31666666666667,20.7133853547275,34.37657144429,81.2571716308594,2.70980477333069,13.2329025268555,11.7287540435791
after,short_popup,first_half_second,0.5,9.00393199361861,22.3696487136358,79.0000915527344,0.314778357744217,7.68008327484131,-9.87381267547607
after,short_popup,observation_end,3.0,32.0124404747039,34.7401872902871,82.0,3.97679448127747,13.4737529754639,-0.124180398881435
