version,role,trajectory,sample,elapsed_seconds,path_metres,accumulated_rotation_degrees,fov_degrees,camera_x,camera_y,camera_z
665b46e,offense,soft_grounder,first_half_second,0.5,14.391409,35.788883,70.0,0.041345,13.551763,-11.391422
665b46e,offense,soft_grounder,end_of_observation,0.5,14.391409,35.788883,70.0,0.041345,13.551763,-11.391422
665b46e,offense,hard_grounder,first_half_second,0.5,14.998242,34.418177,70.0,1.563109,13.522574,-8.50111
665b46e,offense,hard_grounder,end_of_observation,1.55,27.06097,37.352368,70.0,6.390893,13.524448,2.534487
665b46e,offense,fast_liner,first_half_second,0.5,16.184147,33.997594,70.0,0.438585,14.290963,-6.395224
665b46e,offense,fast_liner,end_of_observation,0.983333,23.942403,36.297418,70.0,1.657181,13.801097,1.236831
665b46e,offense,deep_fly,first_half_second,0.5,20.540413,38.502032,70.0,0.391861,20.252007,-7.800702
665b46e,offense,deep_fly,end_of_observation,1.316667,32.345835,40.050265,70.0,2.34737,25.792627,2.11571
665b46e,offense,short_popup,first_half_second,0.5,22.437201,41.643563,70.0,0.205367,22.104383,-12.16717
665b46e,offense,short_popup,end_of_observation,3.0,42.186278,48.655795,70.0,3.585752,24.770046,-6.338363
665b46e,defense,soft_grounder,first_half_second,0.5,8.772726,26.019428,70.0,0.037112,10.148394,18.672876
665b46e,defense,soft_grounder,end_of_observation,0.5,8.772726,26.019428,70.0,0.037112,10.148394,18.672876
665b46e,defense,hard_grounder,first_half_second,0.5,11.904976,25.346024,70.0,1.558876,10.118427,22.65572
665b46e,defense,hard_grounder,end_of_observation,1.55,31.156095,87.993926,70.0,7.64538,10.026096,23.516447
665b46e,defense,fast_liner,first_half_second,0.5,14.501969,25.530044,70.0,0.434352,10.899606,25.55492
665b46e,defense,fast_liner,end_of_observation,0.983333,27.768875,82.678783,70.0,2.247137,10.309159,23.82214
665b46e,defense,deep_fly,first_half_second,0.5,16.881348,30.848944,70.0,0.387628,16.963337,23.618988
665b46e,defense,deep_fly,end_of_observation,1.316667,31.6436,33.066089,70.0,2.34736,22.491558,36.938694
665b46e,defense,short_popup,first_half_second,0.5,16.489397,33.288928,70.0,0.201134,18.847759,17.600817
665b46e,defense,short_popup,end_of_observation,3.0,38.524585,44.468101,70.0,3.585752,21.446198,25.55554
f1dc209,offense,soft_grounder,first_half_second,0.5,3.787271,22.353317,70.760536,-1.971096,4.554192,-5.301757
f1dc209,offense,soft_grounder,end_of_observation,0.5,3.787271,22.353317,70.760536,-1.971096,4.554192,-5.301757
f1dc209,offense,hard_grounder,first_half_second,0.5,3.793197,13.490803,72.588249,2.341102,4.554192,-5.301757
f1dc209,offense,hard_grounder,end_of_observation,1.55,11.820883,23.391146,76.619316,6.388262,7.998058,-5.682174
f1dc209,offense,fast_liner,first_half_second,0.5,3.765325,12.082512,73.042114,-1.932148,4.554192,-5.301757
f1dc209,offense,fast_liner,end_of_observation,0.983333,8.487234,19.226553,76.795845,-4.425639,7.708046,-7.771384
f1dc209,offense,deep_fly,first_half_second,0.5,4.691771,19.415494,73.042114,-1.93668,5.80318,-5.301757
f1dc209,offense,deep_fly,end_of_observation,1.316667,14.455306,34.581066,77.557014,-4.492924,14.722013,-7.971139
f1dc209,offense,short_popup,first_half_second,0.5,5.228058,27.234689,71.149376,-1.954975,6.445241,-5.301757
f1dc209,offense,short_popup,end_of_observation,3.0,20.748018,79.0579,73.0215,-4.240995,20.979113,-7.999997
f1dc209,defense,soft_grounder,first_half_second,0.5,1.072494,7.371636,70.760536,-0.825628,3.087408,17.149576
f1dc209,defense,soft_grounder,end_of_observation,0.5,1.072494,7.371636,70.760536,-0.825628,3.087408,17.149576
f1dc209,defense,hard_grounder,first_half_second,0.5,5.317309,16.03273,72.588249,4.852176,4.360409,17.848524
f1dc209,defense,hard_grounder,end_of_observation,1.55,30.874502,98.472565,76.619316,27.958811,8.991179,23.006901
f1dc209,defense,fast_liner,first_half_second,0.5,6.163795,21.039824,73.042114,-5.497589,4.633713,18.54178
f1dc209,defense,fast_liner,end_of_observation,0.983333,21.481136,66.730093,76.795845,-20.062637,8.014274,21.735743
f1dc209,defense,deep_fly,first_half_second,0.5,8.530247,24.853501,73.042114,-7.026639,6.911155,18.768019
f1dc209,defense,deep_fly,end_of_observation,1.316667,29.089552,98.476826,77.557014,-21.913965,18.460333,16.7302
f1dc209,defense,short_popup,first_half_second,0.5,4.535316,16.805341,71.149376,-2.287831,6.295127,17.537735
f1dc209,defense,short_popup,end_of_observation,3.0,21.354734,77.592555,73.0215,-4.315411,20.001682,19.989401
c116818,offense,soft_grounder,first_half_second,0.5,3.369538,14.45238,70.0,0.105583,4.539218,-5.703459
c116818,offense,soft_grounder,end_of_observation,0.5,3.369538,14.45238,70.0,0.105583,4.539218,-5.703459
c116818,offense,hard_grounder,first_half_second,0.5,4.718632,13.163881,70.0,0.105583,6.206275,-5.703459
c116818,offense,hard_grounder,end_of_observation,1.55,11.404126,26.554706,70.0,0.000147,12.024162,-8.995403
c116818,offense,fast_liner,first_half_second,0.5,5.070624,10.018026,70.0,0.105583,6.606354,-5.703459
c116818,offense,fast_liner,end_of_observation,0.983333,11.734972,19.700549,70.0,0.007777,12.529078,-8.757195
c116818,offense,deep_fly,first_half_second,0.5,5.332293,3.573325,70.0,0.105583,6.896266,-5.703459
c116818,offense,deep_fly,end_of_observation,1.316667,15.862489,17.24115,70.0,0.000769,16.88488,-8.976002
c116818,offense,short_popup,first_half_second,0.5,5.856364,7.239939,70.0,0.106776,7.477637,-5.666212
c116818,offense,short_popup,end_of_observation,3.0,21.768721,44.588576,70.0,0.0,22.979179,-8.999992
c116818,defense,soft_grounder,first_half_second,0.5,1.365718,5.517618,70.0,0.0,3.504239,17.768196
c116818,defense,soft_grounder,end_of_observation,0.5,1.365718,5.517618,70.0,0.0,3.504239,17.768196
c116818,defense,hard_grounder,first_half_second,0.5,5.703053,18.879147,70.0,-1.425092,7.42324,19.300169
c116818,defense,hard_grounder,end_of_observation,1.55,13.998817,77.335215,70.0,-3.444201,14.469468,22.922348
c116818,defense,fast_liner,first_half_second,0.5,6.407815,19.95213,70.0,-1.652555,8.048031,19.544088
c116818,defense,fast_liner,end_of_observation,0.983333,14.833408,57.331848,70.0,-3.82549,15.408844,23.020782
c116818,defense,deep_fly,first_half_second,0.5,6.369493,9.492512,70.0,-1.640027,8.014043,19.531004
c116818,defense,deep_fly,end_of_observation,1.316667,17.165433,59.665326,70.0,-3.950629,17.847027,23.244305
c116818,defense,short_popup,first_half_second,0.5,3.995224,3.516073,70.0,0.0,6.342601,17.768196
c116818,defense,short_popup,end_of_observation,3.0,17.204797,48.217687,70.0,0.0,19.479179,18.999985
