version,aim_sigma_sum,contact,fair,familiar,pitch,quality_sum,rating,swings,timing_miss,trials,x
before,30.72,5,3,fresh,pitch.overhand_four_seam,1.25424391507798,3,10,0,96,-0.85
before,26.4363929807215,4,4,repeat,pitch.overhand_four_seam,1.36590883416642,3,8,0,96,-0.85
before,30.72,5,3,mixed,pitch.overhand_four_seam,1.25424391507798,3,10,0,96,-0.85
before,30.72,5,5,fresh,pitch.overhand_four_seam,1.52357944278065,5,10,0,96,-0.85
before,23.7531541023569,4,4,repeat,pitch.overhand_four_seam,1.78235134957286,5,8,0,96,-0.85
before,30.7016134249413,5,5,mixed,pitch.overhand_four_seam,1.52357944278065,5,10,0,96,-0.85
before,28.6021190130857,8,7,fresh,pitch.overhand_four_seam,2.42989817431294,8,10,0,96,-0.85
before,19.72406899007,8,6,repeat,pitch.overhand_four_seam,3.19251261152282,8,8,0,96,-0.85
before,27.5091692641729,8,8,mixed,pitch.overhand_four_seam,2.63525263281068,8,10,0,96,-0.85
before,25.6862136318289,38,27,fresh,pitch.overhand_four_seam,11.3974896620509,3,80,0,96,-0.35
before,16.8106104930789,69,49,repeat,pitch.overhand_four_seam,23.770374506002,3,91,0,96,-0.35
before,24.5902028577245,43,36,mixed,pitch.overhand_four_seam,13.0171276685913,3,82,0,96,-0.35
before,22.9933684537182,54,45,fresh,pitch.overhand_four_seam,17.6348256604024,5,80,0,96,-0.35
before,14.1265327193051,78,68,repeat,pitch.overhand_four_seam,33.6484469370395,5,91,0,96,-0.35
before,21.8980355869972,56,47,mixed,pitch.overhand_four_seam,19.2255356633529,5,82,0,96,-0.35
before,18.9526184803186,76,64,fresh,pitch.overhand_four_seam,30.7671988164466,8,80,0,96,-0.35
before,10.1022203895329,91,87,repeat,pitch.overhand_four_seam,49.3845329462364,8,91,0,96,-0.35
before,17.8655492760355,80,75,mixed,pitch.overhand_four_seam,33.6749903189809,8,82,0,96,-0.35
before,23.8170163348218,45,34,fresh,pitch.overhand_four_seam,15.2164503605292,3,88,0,96,0.0
before,15.0045416297095,72,52,repeat,pitch.overhand_four_seam,25.3838854166268,3,96,0,96,0.0
before,22.7271783241896,48,40,mixed,pitch.overhand_four_seam,16.0955268064251,3,88,0,96,0.0
before,21.123354438454,61,46,fresh,pitch.overhand_four_seam,21.0497636904679,5,88,0,96,0.0
before,12.3246458212019,82,71,repeat,pitch.overhand_four_seam,36.1665922475394,5,96,0,96,0.0
before,20.0332958895706,68,48,mixed,pitch.overhand_four_seam,22.8975462288204,5,88,0,96,0.0
before,17.0748898896517,84,78,fresh,pitch.overhand_four_seam,36.5370546857196,8,88,0,96,0.0
before,8.30662299215545,96,94,repeat,pitch.overhand_four_seam,52.7325531728109,8,96,0,96,0.0
before,15.9996101840063,84,78,mixed,pitch.overhand_four_seam,38.6548823131839,8,88,0,96,0.0
before,25.6862136318289,38,28,fresh,pitch.overhand_four_seam,11.4416335761973,3,80,0,96,0.35
before,16.8106104930789,70,53,repeat,pitch.overhand_four_seam,24.0413136025251,3,91,0,96,0.35
before,24.5902028577244,43,35,mixed,pitch.overhand_four_seam,13.08319413478,3,82,0,96,0.35
before,22.9933684537182,54,45,fresh,pitch.overhand_four_seam,17.6258509102021,5,80,0,96,0.35
before,14.1265327193051,78,68,repeat,pitch.overhand_four_seam,33.9006998137595,5,91,0,96,0.35
before,21.8980355869972,56,47,mixed,pitch.overhand_four_seam,19.259145017989,5,82,0,96,0.35
before,18.9526184803186,76,64,fresh,pitch.overhand_four_seam,30.9315184797741,8,80,0,96,0.35
before,10.1022203895329,91,87,repeat,pitch.overhand_four_seam,49.6208569903299,8,91,0,96,0.35
before,17.8655492760355,82,74,mixed,pitch.overhand_four_seam,33.927503560065,8,82,0,96,0.35
before,30.72,5,3,fresh,pitch.overhand_four_seam,1.3432189906851,3,10,0,96,0.85
before,26.4363929807215,4,4,repeat,pitch.overhand_four_seam,1.45678011258536,3,8,0,96,0.85
before,30.72,5,3,mixed,pitch.overhand_four_seam,1.3432189906851,3,10,0,96,0.85
before,30.72,5,5,fresh,pitch.overhand_four_seam,1.62130778781265,5,10,0,96,0.85
before,23.7531541023569,4,4,repeat,pitch.overhand_four_seam,1.86690634367542,5,8,0,96,0.85
before,30.7016134249413,5,5,mixed,pitch.overhand_four_seam,1.62130778781265,5,10,0,96,0.85
before,28.6021190130857,8,7,fresh,pitch.overhand_four_seam,2.50629818895399,8,10,0,96,0.85
before,19.72406899007,8,6,repeat,pitch.overhand_four_seam,3.34469562984477,8,8,0,96,0.85
before,27.5091692641729,8,8,mixed,pitch.overhand_four_seam,2.71212225352476,8,10,0,96,0.85
before,30.72,7,4,fresh,pitch.overhand_sinker,1.44735319154685,3,11,0,96,-0.85
before,26.5117957073661,7,6,repeat,pitch.overhand_sinker,2.27863298290151,3,10,0,96,-0.85
before,30.72,7,4,mixed,pitch.overhand_sinker,1.43672640904394,3,11,0,96,-0.85
before,30.6746262022479,7,5,fresh,pitch.overhand_sinker,1.83728210759278,5,11,0,96,-0.85
before,23.8288382904669,7,7,repeat,pitch.overhand_sinker,3.00408500661988,5,10,0,96,-0.85
before,30.348993834131,8,5,mixed,pitch.overhand_sinker,1.89000174514826,5,11,0,96,-0.85
before,28.6282717673149,9,8,fresh,pitch.overhand_sinker,2.93066242040186,8,11,0,96,-0.85
before,19.8191042490296,10,9,repeat,pitch.overhand_sinker,4.80958578418657,8,10,0,96,-0.85
before,27.5518471704442,9,8,mixed,pitch.overhand_sinker,3.16903612790607,8,11,0,96,-0.85
before,26.0443909698021,40,29,fresh,pitch.overhand_sinker,12.4892938000859,3,74,0,96,-0.35
before,17.2109176013794,59,48,repeat,pitch.overhand_sinker,22.987626939646,3,80,0,96,-0.35
before,24.929672089704,43,31,mixed,pitch.overhand_sinker,13.9574270214974,3,76,0,96,-0.35
before,23.3513757181646,55,46,fresh,pitch.overhand_sinker,19.2783431962349,5,75,0,96,-0.35
before,14.525959115712,75,66,repeat,pitch.overhand_sinker,32.9651498067364,5,81,0,96,-0.35
before,22.2368177467293,59,47,mixed,pitch.overhand_sinker,20.4115672929446,5,76,0,96,-0.35
before,19.3104521850488,66,64,fresh,pitch.overhand_sinker,30.3274960364253,8,75,0,96,-0.35
before,10.4898986681752,81,77,repeat,pitch.overhand_sinker,47.3378892099839,8,81,0,96,-0.35
before,18.199244663719,73,66,mixed,pitch.overhand_sinker,32.7612148955064,8,77,0,96,-0.35
before,24.5634361311087,50,37,fresh,pitch.overhand_sinker,17.4175575104809,3,86,0,96,0.0
before,15.7669165639591,68,56,repeat,pitch.overhand_sinker,28.0201756660788,3,94,0,96,0.0
before,23.4554832726915,50,40,mixed,pitch.overhand_sinker,18.3327901734129,3,86,0,96,0.0
before,21.8726788118582,66,51,fresh,pitch.overhand_sinker,24.1108522416927,5,86,0,96,0.0
before,13.0798307546268,84,75,repeat,pitch.overhand_sinker,40.033851735978,5,94,0,96,0.0
before,20.775406165417,67,58,mixed,pitch.overhand_sinker,26.0685536231556,5,86,0,96,0.0
before,17.8326116055136,79,73,fresh,pitch.overhand_sinker,37.8545533852698,8,86,0,96,0.0
before,9.0561519107289,94,92,repeat,pitch.overhand_sinker,56.6387017088809,8,94,0,96,0.0
before,16.7416524146086,81,73,mixed,pitch.overhand_sinker,39.1121673329113,8,86,0,96,0.0
before,26.0443909698021,41,29,fresh,pitch.overhand_sinker,12.3039546655381,3,74,0,96,0.35
before,17.2109176013794,56,49,repeat,pitch.overhand_sinker,22.5707224034991,3,80,0,96,0.35
before,23.2380142906177,45,35,mixed,pitch.overhand_sinker,15.5354225075601,3,78,0,96,0.35
before,23.3513757181646,54,45,fresh,pitch.overhand_sinker,18.9429026109602,5,75,0,96,0.35
before,14.525959115712,76,68,repeat,pitch.overhand_sinker,32.9186930440994,5,81,0,96,0.35
before,20.5459725389137,62,55,mixed,pitch.overhand_sinker,23.4959197610185,5,79,0,96,0.35
before,19.3104521850488,68,62,fresh,pitch.overhand_sinker,30.0722717668346,8,75,0,96,0.35
before,10.4898986681752,80,78,repeat,pitch.overhand_sinker,47.5850269556926,8,81,0,96,0.35
before,16.5107833650085,77,73,mixed,pitch.overhand_sinker,36.8143425137929,8,79,0,96,0.35
before,30.72,5,4,fresh,pitch.overhand_sinker,1.32605726933354,3,11,0,96,0.85
before,26.5117957073661,7,7,repeat,pitch.overhand_sinker,2.14337668410611,3,10,0,96,0.85
before,30.7162267082702,5,4,mixed,pitch.overhand_sinker,1.3084126593769,3,11,0,96,0.85
before,30.6746262022479,7,4,fresh,pitch.overhand_sinker,1.69686080501936,5,11,0,96,0.85
before,23.828838290467,7,7,repeat,pitch.overhand_sinker,2.92850473412878,5,10,0,96,0.85
before,30.3140048719222,7,5,mixed,pitch.overhand_sinker,1.74123692501745,5,11,0,96,0.85
before,28.6282717673149,9,8,fresh,pitch.overhand_sinker,2.81977914290066,8,11,0,96,0.85
before,19.8191042490297,10,9,repeat,pitch.overhand_sinker,4.77542300185131,8,10,0,96,0.85
before,27.4804840741277,9,9,mixed,pitch.overhand_sinker,3.07449741609383,8,11,0,96,0.85
before,30.72,6,3,fresh,pitch.sidearm_sinker,1.20384047294465,3,11,0,96,-0.85
before,26.7327994938528,6,6,repeat,pitch.sidearm_sinker,1.97173676814731,3,10,0,96,-0.85
before,30.72,6,3,mixed,pitch.sidearm_sinker,1.20384047294465,3,11,0,96,-0.85
before,30.7042769219773,8,5,fresh,pitch.sidearm_sinker,1.58415114399703,5,11,0,96,-0.85
before,24.0444013528789,7,6,repeat,pitch.sidearm_sinker,2.6657944182866,5,10,0,96,-0.85
before,30.4827949599475,8,5,mixed,pitch.sidearm_sinker,1.63605013790042,5,11,0,96,-0.85
before,28.9197065908828,8,7,fresh,pitch.sidearm_sinker,2.6678074490477,8,11,0,96,-0.85
before,20.0195086467695,9,8,repeat,pitch.sidearm_sinker,4.28968652461884,8,9,0,96,-0.85
before,27.9290850739154,9,7,mixed,pitch.sidearm_sinker,2.85365925269122,8,10,0,96,-0.85
before,26.2656823772555,39,28,fresh,pitch.sidearm_sinker,12.4047431302169,3,76,0,96,-0.35
before,17.2888129934586,59,51,repeat,pitch.sidearm_sinker,23.4140236641614,3,82,0,96,-0.35
before,25.1715879617454,42,31,mixed,pitch.sidearm_sinker,13.5443006761185,3,77,0,96,-0.35
before,23.5727486777664,55,44,fresh,pitch.sidearm_sinker,19.3900116367115,5,77,0,96,-0.35
before,14.5969895984498,75,65,repeat,pitch.sidearm_sinker,33.0866685301529,5,82,0,96,-0.35
before,22.4747126600811,62,46,mixed,pitch.sidearm_sinker,20.0925130370622,5,78,0,96,-0.35
before,19.5328756496067,67,66,fresh,pitch.sidearm_sinker,31.4772465711551,8,77,0,96,-0.35
before,10.5590557592975,82,80,repeat,pitch.sidearm_sinker,48.0904515162869,8,82,0,96,-0.35
before,18.4373766593901,76,68,mixed,pitch.sidearm_sinker,34.036145020186,8,79,0,96,-0.35
before,24.5720931368951,50,35,fresh,pitch.sidearm_sinker,16.1367948923252,3,86,0,96,0.0
before,15.6174290277884,67,56,repeat,pitch.sidearm_sinker,27.0085577901638,3,96,0,96,0.0
before,23.4768502616961,52,39,mixed,pitch.sidearm_sinker,18.0036624230652,3,88,0,96,0.0
before,21.8765773634249,64,50,fresh,pitch.sidearm_sinker,23.5885191770879,5,86,0,96,0.0
before,12.9275398815349,87,73,repeat,pitch.sidearm_sinker,39.6443182847087,5,96,0,96,0.0
before,20.7856118466289,66,56,mixed,pitch.sidearm_sinker,25.636683530669,5,88,0,96,0.0
before,17.8381565982144,81,72,fresh,pitch.sidearm_sinker,36.9858255139777,8,86,0,96,0.0
before,8.89428488192615,96,95,repeat,pitch.sidearm_sinker,58.0118542445507,8,96,0,96,0.0
before,16.7487049651764,82,80,mixed,pitch.sidearm_sinker,40.2878879304041,8,88,0,96,0.0
before,26.2656823772555,41,30,fresh,pitch.sidearm_sinker,12.2015623274168,3,76,0,96,0.35
before,17.2888129934586,58,48,repeat,pitch.sidearm_sinker,22.5271242616907,3,82,0,96,0.35
before,24.8790608007898,42,30,mixed,pitch.sidearm_sinker,13.1740562144638,3,78,0,96,0.35
before,23.5727486777664,56,44,fresh,pitch.sidearm_sinker,19.2576025064122,5,77,0,96,0.35
before,14.5969895984498,74,65,repeat,pitch.sidearm_sinker,32.1838089402371,5,82,0,96,0.35
before,22.1838950119572,60,47,mixed,pitch.sidearm_sinker,20.2076300884146,5,78,0,96,0.35
before,19.5328756496067,71,64,fresh,pitch.sidearm_sinker,31.2700637142185,8,77,0,96,0.35
before,10.5590557592975,81,79,repeat,pitch.sidearm_sinker,47.6669379867293,8,82,0,96,0.35
before,18.1454357599871,75,69,mixed,pitch.sidearm_sinker,34.3920044224078,8,80,0,96,0.35
before,30.72,6,3,fresh,pitch.sidearm_sinker,0.95764314804052,3,11,0,96,0.85
before,26.7327994938528,6,4,repeat,pitch.sidearm_sinker,1.60856650875102,3,10,0,96,0.85
before,30.72,6,3,mixed,pitch.sidearm_sinker,0.95764314804052,3,11,0,96,0.85
before,30.7042769219773,7,3,fresh,pitch.sidearm_sinker,1.34066994417212,5,11,0,96,0.85
before,24.0444013528789,6,6,repeat,pitch.sidearm_sinker,2.31263891418883,5,10,0,96,0.85
before,30.4827949599475,8,3,mixed,pitch.sidearm_sinker,1.38315620781001,5,11,0,96,0.85
before,28.9197065908828,9,8,fresh,pitch.sidearm_sinker,2.42940842706055,8,11,0,96,0.85
before,20.0195086467695,9,8,repeat,pitch.sidearm_sinker,4.03335824936598,8,9,0,96,0.85
before,27.9290850739154,9,8,mixed,pitch.sidearm_sinker,2.66425599024731,8,10,0,96,0.85
before,30.6949085664828,6,4,fresh,pitch.overhand_slider,1.18113984466749,3,12,0,96,-0.85
before,26.2999144658961,6,6,repeat,pitch.overhand_slider,2.17195809220553,3,11,0,96,-0.85
before,30.4815555478684,6,4,mixed,pitch.overhand_slider,1.22919857757425,3,12,0,96,-0.85
before,29.8608236643635,7,4,fresh,pitch.overhand_slider,1.74362152418232,5,12,0,96,-0.85
before,23.7426808401327,9,7,repeat,pitch.overhand_slider,3.25991992459839,5,11,0,96,-0.85
before,29.2921857043637,7,5,mixed,pitch.overhand_slider,1.92078921258555,5,12,0,96,-0.85
before,27.8666291147563,7,7,fresh,pitch.overhand_slider,2.82873728040105,8,12,0,96,-0.85
before,19.6985305409513,11,11,repeat,pitch.overhand_slider,5.35853271816998,8,11,0,96,-0.85
before,27.2492435617575,8,7,mixed,pitch.overhand_slider,3.03513672199201,8,12,0,96,-0.85
before,26.9795180972119,24,19,fresh,pitch.overhand_slider,7.93564119991422,3,58,0,96,-0.35
before,19.0525380838679,38,29,repeat,pitch.overhand_slider,14.3304317648879,3,61,0,96,-0.35
before,25.9023974144218,29,21,mixed,pitch.overhand_slider,9.28653217632285,3,59,0,96,-0.35
before,24.2883197826205,42,30,fresh,pitch.overhand_slider,12.7047471240549,5,58,0,96,-0.35
before,16.365114843253,50,43,repeat,pitch.overhand_slider,21.0887165397331,5,61,0,96,-0.35
before,23.2108573640164,44,33,mixed,pitch.overhand_slider,14.4201024689257,5,59,0,96,-0.35
before,20.2413356374683,50,47,fresh,pitch.overhand_slider,21.832295297558,8,58,0,96,-0.35
before,12.3426200786023,60,56,repeat,pitch.overhand_slider,31.8184701577866,8,60,0,96,-0.35
before,19.1647079314015,52,48,mixed,pitch.overhand_slider,23.6852298617274,8,59,0,96,-0.35
before,24.9774618695735,46,35,fresh,pitch.overhand_slider,15.5103457667311,3,86,0,96,0.0
before,17.4866494764462,63,52,repeat,pitch.overhand_slider,24.8791205721313,3,92,0,96,0.0
before,23.5769820501624,49,36,mixed,pitch.overhand_slider,16.8022310639776,3,86,0,96,0.0
before,22.2784252903148,68,50,fresh,pitch.overhand_slider,22.9363958588376,5,86,0,96,0.0
before,14.7446843573764,81,69,repeat,pitch.overhand_slider,35.0606508604432,5,92,0,96,0.0
before,20.8828637943652,70,50,mixed,pitch.overhand_slider,24.300321828031,5,86,0,96,0.0
before,18.2309074332332,78,71,fresh,pitch.overhand_slider,34.8778703756918,8,84,0,96,0.0
before,10.8046173327004,91,89,repeat,pitch.overhand_slider,52.1139989327315,8,92,0,96,0.0
before,16.862102708521,82,77,mixed,pitch.overhand_slider,38.5073626438549,8,86,0,96,0.0
before,26.9795180972119,28,19,fresh,pitch.overhand_slider,8.50951713467735,3,58,0,96,0.35
before,19.0525380838679,38,30,repeat,pitch.overhand_slider,14.1986767758536,3,61,0,96,0.35
before,25.7960741943285,30,23,mixed,pitch.overhand_slider,9.64610171241048,3,59,0,96,0.35
before,24.2883197826204,39,31,fresh,pitch.overhand_slider,13.2638780825159,5,58,0,96,0.35
before,16.365114843253,52,41,repeat,pitch.overhand_slider,20.8630733456782,5,61,0,96,0.35
before,23.1046175676413,40,34,mixed,pitch.overhand_slider,14.5167957452523,5,59,0,96,0.35
before,20.2413356374683,50,45,fresh,pitch.overhand_slider,21.489614456448,8,58,0,96,0.35
before,12.3426200786023,59,57,repeat,pitch.overhand_slider,32.432870843008,8,60,0,96,0.35
before,19.0776837139408,53,50,mixed,pitch.overhand_slider,23.2756205485931,8,59,0,96,0.35
before,30.6949085664828,4,3,fresh,pitch.overhand_slider,0.8628350884769,3,12,0,96,0.85
before,26.2999144658962,6,5,repeat,pitch.overhand_slider,1.77434153545645,3,11,0,96,0.85
before,30.4815555478684,4,3,mixed,pitch.overhand_slider,0.874467361379887,3,12,0,96,0.85
before,29.8608236643635,6,4,fresh,pitch.overhand_slider,1.31071194102899,5,12,0,96,0.85
before,23.7426808401327,7,6,repeat,pitch.overhand_slider,2.45709643177217,5,11,0,96,0.85
before,29.2921857043637,7,4,mixed,pitch.overhand_slider,1.48328456978618,5,12,0,96,0.85
before,27.8666291147563,8,7,fresh,pitch.overhand_slider,2.45210419042249,8,12,0,96,0.85
before,19.6985305409513,11,10,repeat,pitch.overhand_slider,4.41548314283539,8,11,0,96,0.85
before,27.2492435617575,8,8,mixed,pitch.overhand_slider,2.59510592166391,8,12,0,96,0.85
before,30.7142989698716,5,4,fresh,pitch.sidearm_slider,1.11563847921972,3,12,0,96,-0.85
before,26.5628506997087,6,5,repeat,pitch.sidearm_slider,2.07171960076017,3,11,0,96,-0.85
before,30.5586304451015,6,4,mixed,pitch.sidearm_slider,1.1557479585335,3,11,0,96,-0.85
before,29.98319407821,7,4,fresh,pitch.sidearm_slider,1.67092809492574,5,11,0,96,-0.85
before,24.2180772422432,9,6,repeat,pitch.sidearm_slider,2.97404068124468,5,11,0,96,-0.85
before,29.4177308861813,7,5,mixed,pitch.sidearm_slider,1.85173823427626,5,11,0,96,-0.85
before,27.9928772033549,7,7,fresh,pitch.sidearm_slider,2.74000891115136,8,11,0,96,-0.85
before,20.1863665898742,11,11,repeat,pitch.sidearm_slider,5.12075696389164,8,11,0,96,-0.85
before,27.4098902873628,7,7,mixed,pitch.sidearm_slider,2.89253691538721,8,11,0,96,-0.85
before,27.197731601453,24,18,fresh,pitch.sidearm_slider,7.99824281552596,3,58,0,96,-0.35
before,19.2350646068296,39,30,repeat,pitch.sidearm_slider,14.3519423555678,3,61,0,96,-0.35
before,26.125881454081,28,21,mixed,pitch.sidearm_slider,9.18088637751392,3,59,0,96,-0.35
before,24.5207984466069,40,29,fresh,pitch.sidearm_slider,12.2772349606254,5,58,0,96,-0.35
before,16.5674170953671,49,42,repeat,pitch.sidearm_slider,20.9694878117998,5,61,0,96,-0.35
before,23.434573789704,43,32,mixed,pitch.sidearm_slider,13.9490284724495,5,59,0,96,-0.35
before,20.48299271789,49,47,fresh,pitch.sidearm_slider,21.3514804911472,8,58,0,96,-0.35
before,12.5698950190661,60,56,repeat,pitch.sidearm_slider,31.9825731164301,8,60,0,96,-0.35
before,19.3950574002045,51,48,mixed,pitch.sidearm_slider,23.2132026002276,8,59,0,96,-0.35
before,25.1127809015019,42,32,fresh,pitch.sidearm_slider,14.975078438054,3,86,0,96,0.0
before,17.6125365128028,60,51,repeat,pitch.sidearm_slider,24.7145161461233,3,94,0,96,0.0
before,23.9492356960155,48,36,mixed,pitch.sidearm_slider,16.2179561101146,3,86,0,96,0.0
before,22.4172733556572,67,49,fresh,pitch.sidearm_slider,22.5412176086865,5,86,0,96,0.0
before,15.0143769453108,83,70,repeat,pitch.sidearm_slider,35.224027732196,5,94,0,96,0.0
before,21.2745972782085,64,50,mixed,pitch.sidearm_slider,23.378079533879,5,86,0,96,0.0
before,18.3755582595166,80,73,fresh,pitch.sidearm_slider,35.700564386564,8,86,0,96,0.0
before,10.9827402959814,93,89,repeat,pitch.sidearm_slider,52.4006058885358,8,94,0,96,0.0
before,17.2334603612728,81,77,mixed,pitch.sidearm_slider,37.822551441457,8,86,0,96,0.0
before,27.197731601453,27,20,fresh,pitch.sidearm_slider,8.25529991705216,3,58,0,96,0.35
before,19.2350646068296,37,28,repeat,pitch.sidearm_slider,13.9565050298494,3,61,0,96,0.35
before,26.107481454081,30,22,mixed,pitch.sidearm_slider,9.23944198375546,3,59,0,96,0.35
before,24.5207984466069,36,29,fresh,pitch.sidearm_slider,12.7406973998561,5,58,0,96,0.35
before,16.5674170953671,52,42,repeat,pitch.sidearm_slider,20.6242945145029,5,61,0,96,0.35
before,23.416173789704,40,32,mixed,pitch.sidearm_slider,14.0705042646148,5,59,0,96,0.35
before,20.48299271789,50,47,fresh,pitch.sidearm_slider,21.3119187875617,8,58,0,96,0.35
before,12.5698950190661,59,57,repeat,pitch.sidearm_slider,32.1967145116415,8,60,0,96,0.35
before,19.3766574002045,53,49,mixed,pitch.sidearm_slider,22.9196391459135,8,59,0,96,0.35
before,30.7142989698716,4,3,fresh,pitch.sidearm_slider,0.840718144103678,3,12,0,96,0.85
before,26.5628506997087,6,5,repeat,pitch.sidearm_slider,1.72291216415164,3,11,0,96,0.85
before,30.5586304451015,4,3,mixed,pitch.sidearm_slider,0.930832044231661,3,11,0,96,0.85
before,29.98319407821,5,4,fresh,pitch.sidearm_slider,1.28023895616281,5,11,0,96,0.85
before,24.2180772422432,8,6,repeat,pitch.sidearm_slider,2.4191440560388,5,11,0,96,0.85
before,29.4177308861813,6,4,mixed,pitch.sidearm_slider,1.38165057356729,5,11,0,96,0.85
before,27.9928772033549,7,7,fresh,pitch.sidearm_slider,2.30285074417093,8,11,0,96,0.85
before,20.1863665898742,11,10,repeat,pitch.sidearm_slider,4.53155821798481,8,11,0,96,0.85
before,27.4098902873628,7,7,mixed,pitch.sidearm_slider,2.44428488973236,8,11,0,96,0.85
before,30.72,6,6,fresh,pitch.eephus,1.82600757870534,3,13,0,96,-0.85
before,28.2071867525101,5,5,repeat,pitch.eephus,1.93590280305505,3,11,0,96,-0.85
before,30.72,5,5,mixed,pitch.eephus,1.59920538540927,3,12,0,96,-0.85
before,30.72,8,6,fresh,pitch.eephus,2.25494674351303,5,13,0,96,-0.85
before,25.5190331203461,7,6,repeat,pitch.eephus,2.66319581983675,5,11,0,96,-0.85
before,30.7097898434162,7,5,mixed,pitch.eephus,1.9011074011452,5,12,0,96,-0.85
before,30.3187909805775,11,8,fresh,pitch.eephus,2.96370756047427,8,13,0,96,-0.85
before,21.4862390088558,10,9,repeat,pitch.eephus,3.78605235377094,8,10,0,96,-0.85
before,27.8881510347366,10,9,mixed,pitch.eephus,3.22536608876916,8,12,0,96,-0.85
before,27.0053405340866,39,23,fresh,pitch.eephus,11.3001178151027,3,80,0,96,-0.35
before,17.9521372584051,71,44,repeat,pitch.eephus,23.5772621054709,3,91,0,96,-0.35
before,24.3555598907665,45,33,mixed,pitch.eephus,14.2916274003573,3,83,0,96,-0.35
before,24.3173487624526,52,42,fresh,pitch.eephus,16.8872573442872,5,80,0,96,-0.35
before,15.2640268317706,77,74,repeat,pitch.eephus,34.0896866179429,5,91,0,96,-0.35
before,21.6675065765873,62,47,mixed,pitch.eephus,21.9208062022908,5,83,0,96,-0.35
before,20.285252599746,73,67,fresh,pitch.eephus,29.9501943216107,8,80,0,96,-0.35
before,11.231990674533,91,87,repeat,pitch.eephus,50.8082447155671,8,91,0,96,-0.35
before,17.6352734778762,79,77,mixed,pitch.eephus,36.2435636703737,8,83,0,96,-0.35
before,24.4026115536839,42,30,fresh,pitch.eephus,14.2578282101868,3,86,0,96,0.0
before,15.3496936989546,74,61,repeat,pitch.eephus,28.3525751606944,3,96,0,96,0.0
before,21.7530660913974,49,36,mixed,pitch.eephus,16.4039007333474,3,90,0,96,0.0
before,21.7144185207486,60,42,fresh,pitch.eephus,21.210402365458,5,86,0,96,0.0
before,12.6615512919694,90,72,repeat,pitch.eephus,39.4178491703771,5,96,0,96,0.0
before,19.0648071737975,72,50,mixed,pitch.eephus,26.1933450188795,5,90,0,96,0.0
before,17.6820034801662,78,74,fresh,pitch.eephus,35.6108999451161,8,86,0,96,0.0
before,8.62882263293564,96,96,repeat,pitch.eephus,57.4610089877846,8,96,0,96,0.0
before,15.0322239770383,85,76,mixed,pitch.eephus,41.5244428902466,8,90,0,96,0.0
before,27.0053405340866,38,23,fresh,pitch.eephus,11.3597160486202,3,80,0,96,0.35
before,17.9521372584051,70,46,repeat,pitch.eephus,23.8229100960988,3,91,0,96,0.35
before,22.7364494041577,52,37,mixed,pitch.eephus,16.3316548759387,3,86,0,96,0.35
before,24.3173487624526,52,40,fresh,pitch.eephus,16.8884939456415,5,80,0,96,0.35
before,15.2640268317706,77,74,repeat,pitch.eephus,34.3002445060982,5,91,0,96,0.35
before,20.0482266638354,73,53,mixed,pitch.eephus,25.1941671855467,5,86,0,96,0.35
before,20.285252599746,73,68,fresh,pitch.eephus,30.1011915594775,8,80,0,96,0.35
before,11.231990674533,91,86,repeat,pitch.eephus,51.0514995826748,8,91,0,96,0.35
before,16.0161917168573,81,81,mixed,pitch.eephus,40.3353302723423,8,86,0,96,0.35
before,30.72,6,6,fresh,pitch.eephus,1.92271497949552,3,13,0,96,0.85
before,28.2071867525101,5,5,repeat,pitch.eephus,2.05185966336337,3,11,0,96,0.85
before,30.72,5,5,mixed,pitch.eephus,1.67116729331455,3,12,0,96,0.85
before,30.72,8,6,fresh,pitch.eephus,2.36081775309473,5,13,0,96,0.85
before,25.5190331203461,7,6,repeat,pitch.eephus,2.78148168516147,5,11,0,96,0.85
before,30.7097898434162,7,5,mixed,pitch.eephus,1.96466581072373,5,12,0,96,0.85
before,30.3187909805775,11,8,fresh,pitch.eephus,3.07030526813877,8,13,0,96,0.85
before,21.4862390088558,10,9,repeat,pitch.eephus,3.98567406364473,8,10,0,96,0.85
before,27.8881510347366,11,9,mixed,pitch.eephus,3.32871449695983,8,12,0,96,0.85
before,30.3713894925539,5,4,fresh,pitch.knuckleball,1.287144157884,3,15,0,96,-0.85
before,25.9924513384467,8,7,repeat,pitch.knuckleball,2.60692479047456,3,15,0,96,-0.85
before,30.3713894925539,5,4,mixed,pitch.knuckleball,1.287144157884,3,15,0,96,-0.85
before,29.2425824095863,9,6,fresh,pitch.knuckleball,2.15623932856182,5,15,0,96,-0.85
before,24.4963838843475,14,11,repeat,pitch.knuckleball,4.5069285744946,5,15,0,96,-0.85
before,29.2425824095863,9,6,mixed,pitch.knuckleball,2.15623932856182,5,15,0,96,-0.85
before,27.2347834231318,11,10,fresh,pitch.knuckleball,3.95243485762481,8,15,0,96,-0.85
before,20.641087306073,15,15,repeat,pitch.knuckleball,7.59932577960329,8,15,0,96,-0.85
before,27.2347834231318,11,10,mixed,pitch.knuckleball,3.95243485762481,8,15,0,96,-0.85
before,28.1267412830672,24,18,fresh,pitch.knuckleball,7.96001230004519,3,54,0,96,-0.35
before,21.0656263700033,38,28,repeat,pitch.knuckleball,13.1399213441919,3,56,0,96,-0.35
before,28.1267412830672,24,18,mixed,pitch.knuckleball,7.96001230004519,3,54,0,96,-0.35
before,26.2593259915949,33,28,fresh,pitch.knuckleball,11.4990965532671,5,54,0,96,-0.35
before,18.3777662829925,46,39,repeat,pitch.knuckleball,19.72861033126,5,56,0,96,-0.35
before,26.2593259915949,33,28,mixed,pitch.knuckleball,11.4990965532671,5,54,0,96,-0.35
before,22.2288081178495,47,46,fresh,pitch.knuckleball,20.9038727083556,8,53,0,96,-0.35
before,14.3422792340953,56,52,repeat,pitch.knuckleball,29.5820412616086,8,56,0,96,-0.35
before,22.2288081178495,47,46,mixed,pitch.knuckleball,20.9038727083556,8,53,0,96,-0.35
before,26.963160387613,38,24,fresh,pitch.knuckleball,11.8408300290294,3,80,0,96,0.0
before,20.0701677569596,59,45,repeat,pitch.knuckleball,21.6150277890035,3,88,0,96,0.0
before,26.706993121276,40,27,mixed,pitch.knuckleball,12.6578946271082,3,82,0,96,0.0
before,24.2717184591578,56,42,fresh,pitch.knuckleball,17.8729986101949,5,80,0,96,0.0
before,17.3805794226122,79,70,repeat,pitch.knuckleball,32.525054694742,5,88,0,96,0.0
before,24.0154949080504,59,45,mixed,pitch.knuckleball,19.0325308540859,5,82,0,96,0.0
before,20.232793885987,76,67,fresh,pitch.knuckleball,31.2710579466383,8,80,0,96,0.0
before,13.3459406986801,85,82,repeat,pitch.knuckleball,47.4413999314124,8,88,0,96,0.0
before,19.9590018640934,79,69,mixed,pitch.knuckleball,32.8502356775348,8,82,0,96,0.0
before,28.1267412830672,27,16,fresh,pitch.knuckleball,8.25672918456891,3,54,0,96,0.35
before,21.0656263700033,36,27,repeat,pitch.knuckleball,13.3537800189292,3,56,0,96,0.35
before,28.1267412830672,27,16,mixed,pitch.knuckleball,8.25672918456891,3,54,0,96,0.35
before,26.2593259915949,36,27,fresh,pitch.knuckleball,11.83209422643,5,54,0,96,0.35
before,18.3777662829925,47,40,repeat,pitch.knuckleball,19.5731901627645,5,56,0,96,0.35
before,26.2593259915949,36,27,mixed,pitch.knuckleball,11.83209422643,5,54,0,96,0.35
before,22.2288081178495,48,45,fresh,pitch.knuckleball,20.8303398725193,8,53,0,96,0.35
before,14.3422792340953,55,52,repeat,pitch.knuckleball,29.5537327508274,8,56,0,96,0.35
before,22.2288081178495,48,45,mixed,pitch.knuckleball,20.8303398725193,8,53,0,96,0.35
before,30.3713894925539,5,4,fresh,pitch.knuckleball,1.12865087213698,3,15,0,96,0.85
before,25.9924513384467,8,6,repeat,pitch.knuckleball,2.47413771244682,3,15,0,96,0.85
before,30.3713894925539,5,4,mixed,pitch.knuckleball,1.12865087213698,3,15,0,96,0.85
before,29.2425824095863,8,5,fresh,pitch.knuckleball,1.89312369284852,5,15,0,96,0.85
before,24.4963838843475,13,11,repeat,pitch.knuckleball,4.03844359680958,5,15,0,96,0.85
before,29.2425824095863,8,5,mixed,pitch.knuckleball,1.89312369284852,5,15,0,96,0.85
before,27.2347834231318,11,10,fresh,pitch.knuckleball,3.62930845564845,8,15,0,96,0.85
before,20.641087306073,15,15,repeat,pitch.knuckleball,7.04194611799324,8,15,0,96,0.85
before,27.2347834231318,11,10,mixed,pitch.knuckleball,3.62930845564845,8,15,0,96,0.85
before,30.72,5,3,fresh,pitch.riser,1.49291810402714,3,10,0,96,-0.85
before,27.8953260816564,4,3,repeat,pitch.riser,1.29264613889506,3,9,0,96,-0.85
before,30.72,5,3,mixed,pitch.riser,1.49291810402714,3,10,0,96,-0.85
before,30.72,5,4,fresh,pitch.riser,1.75000558279772,5,10,0,96,-0.85
before,25.1480128504322,5,4,repeat,pitch.riser,1.8180879302971,5,9,0,96,-0.85
before,30.72,5,4,mixed,pitch.riser,1.75000558279772,5,10,0,96,-0.85
before,29.9351518725068,8,6,fresh,pitch.riser,2.32257490223123,8,10,0,96,-0.85
before,21.1168649315155,8,7,repeat,pitch.riser,3.20946200104038,8,9,0,96,-0.85
before,29.9317018725068,8,6,mixed,pitch.riser,2.32257490223123,8,10,0,96,-0.85
before,27.1161759515666,32,22,fresh,pitch.riser,10.0982869044227,3,79,0,96,-0.35
before,18.3648157783303,58,49,repeat,pitch.riser,21.2247869999983,3,91,0,96,-0.35
before,27.1023759515666,33,22,mixed,pitch.riser,10.1251786815516,3,79,0,96,-0.35
before,24.4203201427634,48,36,fresh,pitch.riser,14.9596685200052,5,79,0,96,-0.35
before,15.5817890361666,77,63,repeat,pitch.riser,30.391915076728,5,91,0,96,-0.35
before,24.4065201427634,48,36,mixed,pitch.riser,14.9855089488625,5,79,0,96,-0.35
before,20.3793438645293,73,59,fresh,pitch.riser,27.4278455964701,8,79,0,96,-0.35
before,11.5265910055813,88,86,repeat,pitch.riser,46.3363229741737,8,91,0,96,-0.35
before,20.3689938645293,73,59,mixed,pitch.riser,27.4578276091558,8,79,0,96,-0.35
before,25.3435436465747,37,30,fresh,pitch.riser,12.1561243411297,3,86,0,96,0.0
before,16.6613923311636,62,49,repeat,pitch.riser,22.4577233703374,3,96,0,96,0.0
before,25.3297436465747,37,30,mixed,pitch.riser,12.1841279232457,3,86,0,96,0.0
before,22.6451705966986,55,43,fresh,pitch.riser,18.1916699160426,5,86,0,96,0.0
before,13.9253562362957,79,65,repeat,pitch.riser,32.8667022766169,5,96,0,96,0.0
before,22.6313705966985,55,43,mixed,pitch.riser,18.2173720178933,5,86,0,96,0.0
before,18.592622709174,81,67,fresh,pitch.riser,32.1350725152687,8,86,0,96,0.0
before,9.84637007925406,96,86,repeat,pitch.riser,48.6674917740262,8,96,0,96,0.0
before,18.585722709174,81,67,mixed,pitch.riser,32.15364763219,8,86,0,96,0.0
before,27.1161759515666,33,23,fresh,pitch.riser,10.0550065146725,3,79,0,96,0.35
before,18.3648157783303,64,53,repeat,pitch.riser,21.3958487051566,3,91,0,96,0.35
before,27.1023759515666,33,23,mixed,pitch.riser,10.0831701467535,3,79,0,96,0.35
before,24.4203201427634,47,36,fresh,pitch.riser,14.8991912057025,5,79,0,96,0.35
before,15.5817890361666,78,63,repeat,pitch.riser,30.5336607016709,5,91,0,96,0.35
before,24.4065201427634,47,36,mixed,pitch.riser,14.9250756232208,5,79,0,96,0.35
before,20.3793438645293,73,60,fresh,pitch.riser,27.4825009461202,8,79,0,96,0.35
before,11.5265910055813,88,85,repeat,pitch.riser,46.4875853645883,8,91,0,96,0.35
before,20.3689938645293,73,60,mixed,pitch.riser,27.5126982857863,8,79,0,96,0.35
before,30.72,5,3,fresh,pitch.riser,1.44865044911441,3,10,0,96,0.85
before,27.8953260816564,4,4,repeat,pitch.riser,1.2136000399543,3,9,0,96,0.85
before,30.72,5,3,mixed,pitch.riser,1.44865044911441,3,10,0,96,0.85
before,30.72,5,5,fresh,pitch.riser,1.70987914403583,5,10,0,96,0.85
before,25.1480128504322,5,4,repeat,pitch.riser,1.71024004715048,5,9,0,96,0.85
before,30.72,5,5,mixed,pitch.riser,1.70987914403583,5,10,0,96,0.85
before,29.9351518725068,8,5,fresh,pitch.riser,2.28855987731142,8,10,0,96,0.85
before,21.1168649315155,8,7,repeat,pitch.riser,3.12632988626972,8,9,0,96,0.85
before,29.9317018725068,8,5,mixed,pitch.riser,2.28855987731142,8,10,0,96,0.85
before,30.72,8,4,fresh,pitch.drop,1.60939871958808,3,11,0,96,-0.85
before,28.7899498098797,8,6,repeat,pitch.drop,2.02209957250929,3,10,0,96,-0.85
before,30.72,8,4,mixed,pitch.drop,1.60939871958808,3,11,0,96,-0.85
before,30.72,9,7,fresh,pitch.drop,2.12525328382112,5,11,0,96,-0.85
before,26.1049817796843,8,8,repeat,pitch.drop,3.00873221204498,5,10,0,96,-0.85
before,30.72,9,7,mixed,pitch.drop,2.12525328382112,5,11,0,96,-0.85
before,29.0504020341932,11,9,fresh,pitch.drop,3.31880464825068,8,11,0,96,-0.85
before,22.1180857938094,10,10,repeat,pitch.drop,4.63923222669853,8,10,0,96,-0.85
before,28.7433349658659,11,9,mixed,pitch.drop,3.36887795261158,8,11,0,96,-0.85
before,26.6496698668079,44,28,fresh,pitch.drop,12.6693877684661,3,79,0,96,-0.35
before,19.7392848742644,59,51,repeat,pitch.drop,23.2579296493038,3,86,0,96,-0.35
before,26.3422680544241,44,28,mixed,pitch.drop,12.9186510524991,3,79,0,96,-0.35
before,23.9571221277534,58,46,fresh,pitch.drop,19.6144719239553,5,79,0,96,-0.35
before,17.0484402816702,77,69,repeat,pitch.drop,32.8140794474887,5,86,0,96,-0.35
before,23.6485572050386,58,47,mixed,pitch.drop,19.9468013678422,5,79,0,96,-0.35
before,19.9135012372564,70,63,fresh,pitch.drop,30.8137949507692,8,78,0,96,-0.35
before,13.0361644707855,84,82,repeat,pitch.drop,47.2362625220631,8,86,0,96,-0.35
before,19.6081771494102,71,64,mixed,pitch.drop,31.4823230225736,8,79,0,96,-0.35
before,25.3037266109497,46,33,fresh,pitch.drop,14.101385500357,3,80,0,96,0.0
before,18.4326688866077,60,52,repeat,pitch.drop,24.810919077562,3,90,0,96,0.0
before,24.9982261758019,48,33,mixed,pitch.drop,14.4265408625456,3,82,0,96,0.0
before,22.6038434584449,60,51,fresh,pitch.drop,21.2940783693587,5,80,0,96,0.0
before,15.7412615610453,82,65,repeat,pitch.drop,34.1188316338825,5,90,0,96,0.0
before,22.2986871578067,62,55,mixed,pitch.drop,22.169988790551,5,82,0,96,0.0
before,18.5597136988017,72,66,fresh,pitch.drop,33.2236904956761,8,80,0,96,0.0
before,11.7072100384363,86,86,repeat,pitch.drop,51.6814810377738,8,90,0,96,0.0
before,18.2576063303399,75,70,mixed,pitch.drop,34.6218807239157,8,82,0,96,0.0
before,26.6496698668079,44,28,fresh,pitch.drop,12.6012186898808,3,79,0,96,0.35
before,19.7392848742644,59,52,repeat,pitch.drop,23.1474628503945,3,86,0,96,0.35
before,23.5695671877585,53,38,mixed,pitch.drop,16.5226507482697,3,81,0,96,0.35
before,23.9571221277534,58,45,fresh,pitch.drop,19.5356798364304,5,79,0,96,0.35
before,17.0484402816702,77,70,repeat,pitch.drop,32.9857944020641,5,86,0,96,0.35
before,20.8778946301094,62,58,mixed,pitch.drop,23.8270185602252,5,81,0,96,0.35
before,19.9135012372564,70,61,fresh,pitch.drop,30.9000587072151,8,78,0,96,0.35
before,13.0361644707855,84,82,repeat,pitch.drop,47.450262021874,8,86,0,96,0.35
before,16.8393568384455,79,74,mixed,pitch.drop,37.267442923121,8,81,0,96,0.35
before,30.72,9,4,fresh,pitch.drop,1.70661496520981,3,11,0,96,0.85
before,28.7899498098797,8,6,repeat,pitch.drop,2.12847670056434,3,10,0,96,0.85
before,30.72,9,4,mixed,pitch.drop,1.68970674465283,3,11,0,96,0.85
before,30.72,9,6,fresh,pitch.drop,2.21604785903783,5,11,0,96,0.85
before,26.1049817796843,8,8,repeat,pitch.drop,3.11606060315147,5,10,0,96,0.85
before,30.6903612684752,9,6,mixed,pitch.drop,2.27056018600554,5,11,0,96,0.85
before,29.0504020341931,11,9,fresh,pitch.drop,3.43270308224249,8,11,0,96,0.85
before,22.1180857938094,10,10,repeat,pitch.drop,4.81008550034019,8,10,0,96,0.85
before,27.7084805243918,11,11,mixed,pitch.drop,3.62529377169554,8,11,0,96,0.85
after,34.56,3,3,fresh,pitch.overhand_four_seam,1.13684916620981,3,3,0,96,-0.85
after,33.6485366637586,3,3,repeat,pitch.overhand_four_seam,1.19725154894824,3,3,0,96,-0.85
after,34.56,3,3,mixed,pitch.overhand_four_seam,1.13684916620981,3,3,0,96,-0.85
after,33.5526526391704,3,3,fresh,pitch.overhand_four_seam,1.34382293108595,5,3,0,96,-0.85
after,31.0285210263764,3,3,repeat,pitch.overhand_four_seam,1.45764632044164,5,3,0,96,-0.85
after,33.4292835075725,3,3,mixed,pitch.overhand_four_seam,1.34926006441974,5,3,0,96,-0.85
after,29.4049867012367,3,3,fresh,pitch.overhand_four_seam,1.68475220270019,8,3,0,96,-0.85
after,27.0694415528761,3,3,repeat,pitch.overhand_four_seam,1.77956137390864,8,3,0,96,-0.85
after,29.2835942344835,3,3,mixed,pitch.overhand_four_seam,1.68918509740134,8,3,0,96,-0.85
after,26.7990139215837,33,29,fresh,pitch.overhand_four_seam,10.6156537492559,3,62,0,96,-0.35
after,24.5333250322296,35,30,repeat,pitch.overhand_four_seam,12.3343992927893,3,72,0,96,-0.35
after,26.6811855496779,33,29,mixed,pitch.overhand_four_seam,10.7080940649322,3,62,0,96,-0.35
after,24.0007416970335,40,34,fresh,pitch.overhand_four_seam,15.1435947738014,5,62,0,96,-0.35
after,21.8719216572667,50,40,repeat,pitch.overhand_four_seam,17.8607561048902,5,72,0,96,-0.35
after,23.8898964296985,40,34,mixed,pitch.overhand_four_seam,15.2610027318247,5,62,0,96,-0.35
after,19.8103042054579,56,48,fresh,pitch.overhand_four_seam,24.5366072498473,8,62,0,96,-0.35
after,17.8865318257489,60,55,repeat,pitch.overhand_four_seam,27.6849741234244,8,72,0,96,-0.35
after,19.709920553432,56,49,mixed,pitch.overhand_four_seam,24.6973621875155,8,62,0,96,-0.35
after,24.9554895400285,34,29,fresh,pitch.overhand_four_seam,11.6572491239659,3,74,0,96,0.0
after,22.6896933679811,42,32,repeat,pitch.overhand_four_seam,14.1457356871099,3,90,0,96,0.0
after,24.8376556945158,34,29,mixed,pitch.overhand_four_seam,11.7538302818397,3,76,0,96,0.0
after,22.1233377872337,50,36,fresh,pitch.overhand_four_seam,17.1876495284986,5,76,0,96,0.0
after,19.9944639890443,62,43,repeat,pitch.overhand_four_seam,22.7036177450654,5,90,0,96,0.0
after,22.012489777122,50,34,mixed,pitch.overhand_four_seam,16.764945499779,5,76,0,96,0.0
after,17.8881325410568,60,55,fresh,pitch.overhand_four_seam,27.68819033863,8,76,0,96,0.0
after,15.9643317657502,76,70,repeat,pitch.overhand_four_seam,36.5868498522918,8,90,0,96,0.0
after,17.7877474402758,60,56,mixed,pitch.overhand_four_seam,27.8618032395673,8,76,0,96,0.0
after,26.7990139215837,32,28,fresh,pitch.overhand_four_seam,10.5751190203429,3,62,0,96,0.35
after,24.5333250322296,37,31,repeat,pitch.overhand_four_seam,12.2605005180157,3,72,0,96,0.35
after,26.651825718894,33,29,mixed,pitch.overhand_four_seam,10.7040327904672,3,62,0,96,0.35
after,24.0007416970335,41,34,fresh,pitch.overhand_four_seam,15.1006196945681,5,62,0,96,0.35
after,21.8719216572667,51,38,repeat,pitch.overhand_four_seam,17.8167236861316,5,72,0,96,0.35
after,23.8668868560322,42,34,mixed,pitch.overhand_four_seam,15.2471739590593,5,62,0,96,0.35
after,19.8103042054579,56,48,fresh,pitch.overhand_four_seam,24.6261153255163,8,62,0,96,0.35
after,17.8865318257489,60,54,repeat,pitch.overhand_four_seam,27.6601808512856,8,72,0,96,0.35
after,19.6953655487164,56,49,mixed,pitch.overhand_four_seam,24.8056446034731,8,62,0,96,0.35
after,34.56,3,1,fresh,pitch.overhand_four_seam,0.299548792965557,3,3,0,96,0.85
after,33.6485366637586,3,2,repeat,pitch.overhand_four_seam,0.397476291258519,3,3,0,96,0.85
after,34.56,3,1,mixed,pitch.overhand_four_seam,0.299548792965557,3,3,0,96,0.85
after,33.5526526391704,3,3,fresh,pitch.overhand_four_seam,0.602464346063388,5,3,0,96,0.85
after,31.0285210263764,3,3,repeat,pitch.overhand_four_seam,0.785798905601041,5,3,0,96,0.85
after,33.4292835075725,3,3,mixed,pitch.overhand_four_seam,0.611675030000033,5,3,0,96,0.85
after,29.4049867012366,3,3,fresh,pitch.overhand_four_seam,1.11802156914118,8,3,0,96,0.85
after,27.069441552876,3,3,repeat,pitch.overhand_four_seam,1.26622392682089,8,3,0,96,0.85
after,29.2835942344836,3,3,mixed,pitch.overhand_four_seam,1.12565795572013,8,3,0,96,0.85
after,34.5560026860522,2,2,fresh,pitch.overhand_sinker,1.33265607827126,3,3,0,96,-0.85
after,33.2776537233677,2,2,repeat,pitch.overhand_sinker,1.34002624209428,3,3,0,96,-0.85
after,34.5546139293371,2,2,mixed,pitch.overhand_sinker,1.33265607827126,3,3,0,96,-0.85
after,33.1450791259539,3,2,fresh,pitch.overhand_sinker,1.44472549993593,5,4,0,96,-0.85
after,30.6311815279629,3,3,repeat,pitch.overhand_sinker,1.54043529299258,5,4,0,96,-0.85
after,33.0171339281391,3,2,mixed,pitch.overhand_sinker,1.44974444644685,5,4,0,96,-0.85
after,29.033269072422,3,3,fresh,pitch.overhand_sinker,1.75708335490974,8,4,0,96,-0.85
after,26.7159380878733,3,3,repeat,pitch.overhand_sinker,1.81891167175108,8,4,0,96,-0.85
after,28.9128058997409,3,3,mixed,pitch.overhand_sinker,1.76100278482181,8,4,0,96,-0.85
after,26.393981316021,34,29,fresh,pitch.overhand_sinker,12.7343996691617,3,62,0,96,-0.35
after,24.1497511070885,37,32,repeat,pitch.overhand_sinker,14.3825296425197,3,72,0,96,-0.35
after,26.2772477747489,34,29,mixed,pitch.overhand_sinker,12.83024578116,3,62,0,96,-0.35
after,23.6519424800198,42,36,fresh,pitch.overhand_sinker,16.9764804273586,5,62,0,96,-0.35
after,21.5422805862253,45,42,repeat,pitch.overhand_sinker,19.4665710721762,5,72,0,96,-0.35
after,23.5420746691119,42,36,mixed,pitch.overhand_sinker,17.0841763716699,5,62,0,96,-0.35
after,19.5314222760278,55,50,fresh,pitch.overhand_sinker,25.899340891453,8,62,0,96,-0.35
after,17.6233179275194,60,53,repeat,pitch.overhand_sinker,28.9569225070979,8,72,0,96,-0.35
after,19.4318380133488,55,50,mixed,pitch.overhand_sinker,26.0446491941713,8,62,0,96,-0.35
after,24.4837908065565,36,30,fresh,pitch.overhand_sinker,13.5569953803801,3,76,0,96,0.0
after,22.2394670714072,46,36,repeat,pitch.overhand_sinker,17.9301735938952,3,90,0,96,0.0
after,24.3670524935386,36,30,mixed,pitch.overhand_sinker,13.6599035793437,3,76,0,96,0.0
after,21.7755675704874,43,40,fresh,pitch.overhand_sinker,18.6163810025052,5,74,0,96,0.0
after,19.6657895090056,56,48,repeat,pitch.overhand_sinker,24.1551720607393,5,90,0,96,0.0
after,21.6656938326567,43,40,mixed,pitch.overhand_sinker,18.7434619792209,5,76,0,96,0.0
after,17.6351035094485,60,50,fresh,pitch.overhand_sinker,28.2918302981253,8,76,0,96,0.0
after,15.7268577149827,80,66,repeat,pitch.overhand_sinker,37.9747030447035,8,90,0,96,0.0
after,17.535512030139,60,50,mixed,pitch.overhand_sinker,28.462815511339,8,76,0,96,0.0
after,26.393981316021,35,28,fresh,pitch.overhand_sinker,12.6804580069383,3,62,0,96,0.35
after,24.1497511070885,37,32,repeat,pitch.overhand_sinker,14.3253707367443,3,72,0,96,0.35
after,26.2627273771362,35,28,mixed,pitch.overhand_sinker,12.7838974466572,3,62,0,96,0.35
after,23.6519424800198,43,37,fresh,pitch.overhand_sinker,16.9845925765719,5,62,0,96,0.35
after,21.5422805862253,46,42,repeat,pitch.overhand_sinker,19.4953164827974,5,72,0,96,0.35
after,23.512416472374,43,37,mixed,pitch.overhand_sinker,17.1525115130782,5,62,0,96,0.35
after,19.5314222760278,55,50,fresh,pitch.overhand_sinker,25.9906624525782,8,62,0,96,0.35
after,17.6233179275194,59,52,repeat,pitch.overhand_sinker,28.9305667911596,8,72,0,96,0.35
after,19.411173363676,55,50,mixed,pitch.overhand_sinker,26.169487358884,8,62,0,96,0.35
after,34.5560026860522,2,2,fresh,pitch.overhand_sinker,0.506318478631169,3,3,0,96,0.85
after,33.2776537233677,2,2,repeat,pitch.overhand_sinker,0.557305322152562,3,3,0,96,0.85
after,34.5546139293371,2,2,mixed,pitch.overhand_sinker,0.506318478631169,3,3,0,96,0.85
after,33.1450791259539,2,2,fresh,pitch.overhand_sinker,0.650016202372756,5,4,0,96,0.85
after,30.6311815279629,3,2,repeat,pitch.overhand_sinker,0.760165460828948,5,4,0,96,0.85
after,33.0171339281391,2,2,mixed,pitch.overhand_sinker,0.655606895265003,5,4,0,96,0.85
after,29.033269072422,3,3,fresh,pitch.overhand_sinker,1.09012781889579,8,4,0,96,0.85
after,26.7159380878733,3,3,repeat,pitch.overhand_sinker,1.22242862061378,8,4,0,96,0.85
after,28.9128058997409,3,3,mixed,pitch.overhand_sinker,1.09767751499288,8,4,0,96,0.85
after,34.56,3,2,fresh,pitch.sidearm_sinker,1.2786515632207,3,3,0,96,-0.85
after,33.617729351433,3,2,repeat,pitch.sidearm_sinker,1.33621798345655,3,3,0,96,-0.85
after,34.5589878834423,3,2,mixed,pitch.sidearm_sinker,1.2786515632207,3,3,0,96,-0.85
after,33.5070389816351,3,3,fresh,pitch.sidearm_sinker,1.44357687064982,5,3,0,96,-0.85
after,31.007847111028,3,3,repeat,pitch.sidearm_sinker,1.54665013803629,5,3,0,96,-0.85
after,33.3856305009604,3,3,mixed,pitch.sidearm_sinker,1.45444177599973,5,3,0,96,-0.85
after,29.2804198783881,3,3,fresh,pitch.sidearm_sinker,1.74930099346493,8,4,0,96,-0.85
after,26.9509785043471,3,3,repeat,pitch.sidearm_sinker,1.81488254915423,8,4,0,96,-0.85
after,29.1593388286921,3,3,mixed,pitch.sidearm_sinker,1.75337039749277,8,4,0,96,-0.85
after,26.6494153614158,33,27,fresh,pitch.sidearm_sinker,12.2146848175289,3,62,0,96,-0.35
after,24.3913578389304,35,30,repeat,pitch.sidearm_sinker,13.3736880818199,3,71,0,96,-0.35
after,26.5319763449624,33,27,mixed,pitch.sidearm_sinker,12.3063155402273,3,62,0,96,-0.35
after,23.8982703043366,41,36,fresh,pitch.sidearm_sinker,16.4725178273072,5,62,0,96,-0.35
after,21.7742752185067,45,40,repeat,pitch.sidearm_sinker,18.9638179922845,5,72,0,96,-0.35
after,23.7876712081208,40,36,mixed,pitch.sidearm_sinker,16.466562714459,5,62,0,96,-0.35
after,19.7856406881987,55,48,fresh,pitch.sidearm_sinker,25.408575066626,8,62,0,96,-0.35
after,17.8625090596773,60,53,repeat,pitch.sidearm_sinker,28.3115620900849,8,72,0,96,-0.35
after,19.6852897275599,55,48,mixed,pitch.sidearm_sinker,25.5555770084608,8,62,0,96,-0.35
after,24.6485496448906,35,30,fresh,pitch.sidearm_sinker,13.2264102999564,3,76,0,96,0.0
after,22.3904282352888,44,34,repeat,pitch.sidearm_sinker,16.5954498604961,3,90,0,96,0.0
after,24.5311073688905,35,30,mixed,pitch.sidearm_sinker,13.3961097354295,3,78,0,96,0.0
after,21.9059162649375,43,38,fresh,pitch.sidearm_sinker,18.3366440357329,5,76,0,96,0.0
after,19.7818436656979,61,47,repeat,pitch.sidearm_sinker,23.6815501183883,5,90,0,96,0.0
after,21.7953132139559,43,38,mixed,pitch.sidearm_sinker,18.1273873365542,5,76,0,96,0.0
after,17.823265687219,61,53,fresh,pitch.sidearm_sinker,28.3578608769228,8,76,0,96,0.0
after,15.9000650200254,78,69,repeat,pitch.sidearm_sinker,37.1235439488117,8,90,0,96,0.0
after,17.7229112041989,61,53,mixed,pitch.sidearm_sinker,28.5359481414531,8,76,0,96,0.0
after,26.6494153614158,35,29,fresh,pitch.sidearm_sinker,12.3120437021322,3,62,0,96,0.35
after,24.3913578389304,36,32,repeat,pitch.sidearm_sinker,13.5026078184141,3,71,0,96,0.35
after,26.5173643161312,35,29,mixed,pitch.sidearm_sinker,12.418263618257,3,62,0,96,0.35
after,23.8982703043366,42,37,fresh,pitch.sidearm_sinker,16.7156864386381,5,62,0,96,0.35
after,21.7742752185067,46,40,repeat,pitch.sidearm_sinker,19.0087930878094,5,72,0,96,0.35
after,23.7739128936252,41,37,mixed,pitch.sidearm_sinker,16.605526447977,5,62,0,96,0.35
after,19.7856406881987,56,50,fresh,pitch.sidearm_sinker,25.5202515647269,8,62,0,96,0.35
after,17.8625090596773,60,54,repeat,pitch.sidearm_sinker,28.3786999934598,8,72,0,96,0.35
after,19.6686354183506,56,50,mixed,pitch.sidearm_sinker,25.6973449668524,8,62,0,96,0.35
after,34.56,2,2,fresh,pitch.sidearm_sinker,0.516648783748341,3,3,0,96,0.85
after,33.617729351433,2,2,repeat,pitch.sidearm_sinker,0.552472846337508,3,3,0,96,0.85
after,34.5589878834423,2,2,mixed,pitch.sidearm_sinker,0.516648783748341,3,3,0,96,0.85
after,33.5070389816351,2,2,fresh,pitch.sidearm_sinker,0.629159746814329,5,3,0,96,0.85
after,31.007847111028,3,2,repeat,pitch.sidearm_sinker,0.800240544439514,5,3,0,96,0.85
after,33.3856305009603,2,2,mixed,pitch.sidearm_sinker,0.634935971315148,5,3,0,96,0.85
after,29.2804198783881,3,3,fresh,pitch.sidearm_sinker,1.11118571629589,8,4,0,96,0.85
after,26.9509785043471,3,3,repeat,pitch.sidearm_sinker,1.24581772903837,8,4,0,96,0.85
after,29.1593388286921,3,3,mixed,pitch.sidearm_sinker,1.11880550214093,8,4,0,96,0.85
after,34.5354982774234,2,2,fresh,pitch.overhand_slider,1.20553794742808,3,3,0,96,-0.85
after,33.1171923878813,2,2,repeat,pitch.overhand_slider,1.23028341776443,3,3,0,96,-0.85
after,34.5254382567262,2,2,mixed,pitch.overhand_slider,1.20553794742808,3,3,0,96,-0.85
after,33.0548258284842,3,2,fresh,pitch.overhand_slider,1.3663927163786,5,3,0,96,-0.85
after,30.5487941003382,3,3,repeat,pitch.overhand_slider,1.5322872201732,5,3,0,96,-0.85
after,32.9297224655238,3,2,mixed,pitch.overhand_slider,1.37114236859751,5,3,0,96,-0.85
after,28.9953276449494,3,3,fresh,pitch.overhand_slider,1.73498400418579,8,3,0,96,-0.85
after,26.6798557903469,3,3,repeat,pitch.overhand_slider,1.81056734047556,8,3,0,96,-0.85
after,28.8749593258371,3,3,mixed,pitch.overhand_slider,1.73881930800006,8,3,0,96,-0.85
after,26.2105352952667,33,29,fresh,pitch.overhand_slider,12.3226507030745,3,62,0,96,-0.35
after,23.9686523908482,35,30,repeat,pitch.overhand_slider,13.7877837831153,3,72,0,96,-0.35
after,26.093921514429,34,30,mixed,pitch.overhand_slider,12.4207395935187,3,62,0,96,-0.35
after,23.5023027722001,41,37,fresh,pitch.overhand_slider,16.9838772486215,5,62,0,96,-0.35
after,21.3934482892968,47,38,repeat,pitch.overhand_slider,18.9788534731522,5,72,0,96,-0.35
after,23.3924761557255,41,37,mixed,pitch.overhand_slider,16.983623053499,5,62,0,96,-0.35
after,19.4438461350665,53,47,fresh,pitch.overhand_slider,25.1810494518871,8,61,0,96,-0.35
after,17.5342532697414,59,54,repeat,pitch.overhand_slider,28.4848495311902,8,72,0,96,-0.35
after,19.344185927652,52,46,mixed,pitch.overhand_slider,25.1877722920859,8,61,0,96,-0.35
after,24.256163724271,35,30,fresh,pitch.overhand_slider,13.251207987927,3,74,0,96,0.0
after,22.0142371531633,45,32,repeat,pitch.overhand_slider,15.8609192394395,3,88,0,96,0.0
after,24.139547715541,34,28,mixed,pitch.overhand_slider,12.8230438231549,3,76,0,96,0.0
after,21.574081086935,45,37,fresh,pitch.overhand_slider,18.1286731162901,5,74,0,96,0.0
after,19.4652647127283,59,47,repeat,pitch.overhand_slider,23.0033553872578,5,88,0,96,0.0
after,21.4642564147816,45,37,mixed,pitch.overhand_slider,18.2634117411179,5,74,0,96,0.0
after,17.5454425261483,59,52,fresh,pitch.overhand_slider,27.9068245535424,8,72,0,96,0.0
after,15.636194216852,77,62,repeat,pitch.overhand_slider,34.8283686098372,8,86,0,96,0.0
after,17.445799898123,61,54,mixed,pitch.overhand_slider,28.5920823836388,8,74,0,96,0.0
after,26.2105352952667,33,30,fresh,pitch.overhand_slider,12.5431961882682,3,62,0,96,0.35
after,23.9686523908482,36,30,repeat,pitch.overhand_slider,13.6914569058202,3,72,0,96,0.35
after,26.0164590395899,33,30,mixed,pitch.overhand_slider,12.6966683341866,3,62,0,96,0.35
after,23.5023027722001,42,35,fresh,pitch.overhand_slider,16.7996473254816,5,62,0,96,0.35
after,21.3934482892968,46,40,repeat,pitch.overhand_slider,19.1739646055742,5,72,0,96,0.35
after,23.321821090381,43,35,mixed,pitch.overhand_slider,16.9338374647684,5,62,0,96,0.35
after,19.4438461350665,54,48,fresh,pitch.overhand_slider,25.2172862212157,8,61,0,96,0.35
after,17.5342532697414,59,55,repeat,pitch.overhand_slider,28.6344121717508,8,72,0,96,0.35
after,19.2759680240002,53,48,mixed,pitch.overhand_slider,25.5251927680998,8,61,0,96,0.35
after,34.5354982774234,2,1,fresh,pitch.overhand_slider,0.49679923487277,3,3,0,96,0.85
after,33.1171923878813,2,2,repeat,pitch.overhand_slider,0.561895073990454,3,3,0,96,0.85
after,34.5254382567262,2,1,mixed,pitch.overhand_slider,0.49679923487277,3,3,0,96,0.85
after,33.0548258284841,3,2,fresh,pitch.overhand_slider,0.742487966651196,5,3,0,96,0.85
after,30.5487941003382,3,3,repeat,pitch.overhand_slider,0.953469652721321,5,3,0,96,0.85
after,32.9297224655238,3,2,mixed,pitch.overhand_slider,0.751419338890662,5,3,0,96,0.85
after,28.9953276449494,3,3,fresh,pitch.overhand_slider,1.25364186615894,8,3,0,96,0.85
after,26.6798557903469,3,3,repeat,pitch.overhand_slider,1.40326161790514,8,3,0,96,0.85
after,28.8749593258371,3,3,mixed,pitch.overhand_slider,1.26109067333954,8,3,0,96,0.85
after,34.5203654065385,3,2,fresh,pitch.sidearm_slider,1.09743691735365,3,3,0,96,-0.85
after,33.3732745875915,3,2,repeat,pitch.sidearm_slider,1.17798158083776,3,3,0,96,-0.85
after,34.5006822232604,3,2,mixed,pitch.sidearm_slider,1.1005466622101,3,3,0,96,-0.85
after,33.2663802090485,3,3,fresh,pitch.sidearm_slider,1.31307104843448,5,3,0,96,-0.85
after,30.9678640865931,3,3,repeat,pitch.sidearm_slider,1.40211016023992,5,3,0,96,-0.85
after,33.1852339502564,3,3,mixed,pitch.sidearm_slider,1.31707849194702,5,3,0,96,-0.85
after,29.4481261834536,3,3,fresh,pitch.sidearm_slider,1.59545503352684,8,3,0,96,-0.85
after,27.1104672004644,3,3,repeat,pitch.sidearm_slider,1.67454618142672,8,3,0,96,-0.85
after,29.326625867995,3,3,mixed,pitch.sidearm_slider,1.59928143470216,8,3,0,96,-0.85
after,26.4360244604123,33,26,fresh,pitch.sidearm_slider,11.8999871934482,3,61,0,96,-0.35
after,24.1801916909951,34,30,repeat,pitch.sidearm_slider,13.2693961173836,3,72,0,96,-0.35
after,26.3186989517685,33,27,mixed,pitch.sidearm_slider,11.9745500555176,3,61,0,96,-0.35
after,23.7429431087046,36,33,fresh,pitch.sidearm_slider,15.6830013647445,5,60,0,96,-0.35
after,21.6193113773459,46,37,repeat,pitch.sidearm_slider,17.9761053726335,5,74,0,96,-0.35
after,23.6323625509822,36,33,mixed,pitch.sidearm_slider,15.7423508152229,5,60,0,96,-0.35
after,19.686729484877,53,46,fresh,pitch.sidearm_slider,24.5091942439647,8,61,0,96,-0.35
after,17.7621526006369,59,55,repeat,pitch.sidearm_slider,28.8365346556069,8,73,0,96,-0.35
after,19.5863047867014,54,47,mixed,pitch.sidearm_slider,25.1202631983035,8,62,0,96,-0.35
after,24.433048660449,34,30,fresh,pitch.sidearm_slider,13.1211106345408,3,72,0,96,0.0
after,22.1775722383285,44,34,repeat,pitch.sidearm_slider,16.021626797461,3,88,0,96,0.0
after,24.3157413327898,34,28,mixed,pitch.sidearm_slider,12.6435447298855,3,74,0,96,0.0
after,21.7598689213784,44,36,fresh,pitch.sidearm_slider,17.4420918853474,5,72,0,96,0.0
after,19.6372346064545,59,44,repeat,pitch.sidearm_slider,22.4089503369422,5,88,0,96,0.0
after,21.6493392522496,44,36,mixed,pitch.sidearm_slider,17.5740228534891,5,74,0,96,0.0
after,17.717563771126,60,54,fresh,pitch.sidearm_slider,28.2085368972357,8,74,0,96,0.0
after,15.7940685150125,78,65,repeat,pitch.sidearm_slider,35.9023377708358,8,88,0,96,0.0
after,17.617194258059,60,54,mixed,pitch.sidearm_slider,28.3810990028425,8,76,0,96,0.0
after,26.4360244604123,33,28,fresh,pitch.sidearm_slider,12.166826333866,3,61,0,96,0.35
after,24.1801916909951,35,29,repeat,pitch.sidearm_slider,13.4228624714768,3,72,0,96,0.35
after,26.2748443241631,33,28,mixed,pitch.sidearm_slider,12.2963788598639,3,61,0,96,0.35
after,23.7429431087046,38,35,fresh,pitch.sidearm_slider,16.0532706335372,5,60,0,96,0.35
after,21.6193113773459,46,39,repeat,pitch.sidearm_slider,18.9888544807475,5,74,0,96,0.35
after,23.5956380616804,39,35,mixed,pitch.sidearm_slider,16.1979913704406,5,60,0,96,0.35
after,19.6867294848769,52,47,fresh,pitch.sidearm_slider,24.6398157101167,8,61,0,96,0.35
after,17.7621526006369,60,56,repeat,pitch.sidearm_slider,28.7509923027272,8,73,0,96,0.35
after,19.544636037309,54,48,mixed,pitch.sidearm_slider,25.2782900468062,8,62,0,96,0.35
after,34.5203654065385,2,1,fresh,pitch.sidearm_slider,0.405487803543712,3,3,0,96,0.85
after,33.3732745875915,3,1,repeat,pitch.sidearm_slider,0.513352657307441,3,3,0,96,0.85
after,34.5006822232604,2,1,mixed,pitch.sidearm_slider,0.405487803543712,3,3,0,96,0.85
after,33.2663802090486,3,3,fresh,pitch.sidearm_slider,0.711373270189977,5,3,0,96,0.85
after,30.9678640865931,3,3,repeat,pitch.sidearm_slider,0.88095388346031,5,3,0,96,0.85
after,33.1852339502564,3,3,mixed,pitch.sidearm_slider,0.717564831696903,5,3,0,96,0.85
after,29.4481261834536,3,3,fresh,pitch.sidearm_slider,1.17246001405704,8,3,0,96,0.85
after,27.1104672004644,3,3,repeat,pitch.sidearm_slider,1.31976441307155,8,3,0,96,0.85
after,29.326625867995,3,3,mixed,pitch.sidearm_slider,1.17998136309853,8,3,0,96,0.85
after,34.56,2,2,fresh,pitch.eephus,1.3389703829104,3,3,0,96,-0.85
after,34.2361703970654,3,2,repeat,pitch.eephus,1.36117948806148,3,3,0,96,-0.85
after,34.56,2,2,mixed,pitch.eephus,1.3389703829104,3,3,0,96,-0.85
after,34.248680578947,3,2,fresh,pitch.eephus,1.4782969273239,5,3,0,96,-0.85
after,31.9380308381214,3,3,repeat,pitch.eephus,1.57485563763921,5,3,0,96,-0.85
after,34.0099833979684,3,2,mixed,pitch.eephus,1.49229957282155,5,3,0,96,-0.85
after,30.4990804579258,3,3,fresh,pitch.eephus,1.76273296394592,8,3,0,96,-0.85
after,28.1099247154874,3,3,repeat,pitch.eephus,1.85180024071163,8,3,0,96,-0.85
after,30.1274173544914,3,3,mixed,pitch.eephus,1.77507433155492,8,3,0,96,-0.85
after,26.97031482476,35,26,fresh,pitch.eephus,11.6117887404903,3,62,0,96,-0.35
after,24.66911802476,37,32,repeat,pitch.eephus,13.4677247840689,3,72,0,96,-0.35
after,26.6121148247599,36,27,mixed,pitch.eephus,11.694999833355,3,62,0,96,-0.35
after,24.2832498036027,42,36,fresh,pitch.eephus,16.335567567111,5,62,0,96,-0.35
after,22.1137650036027,42,41,repeat,pitch.eephus,18.5037364532003,5,72,0,96,-0.35
after,23.9452098036027,42,37,mixed,pitch.eephus,16.7010173789992,5,62,0,96,-0.35
after,20.2535432637632,51,48,fresh,pitch.eephus,24.9381120679828,8,62,0,96,-0.35
after,18.2816264637632,58,48,repeat,pitch.eephus,27.3631704056653,8,72,0,96,-0.35
after,19.9457432637632,52,48,mixed,pitch.eephus,25.1510460469526,8,62,0,96,-0.35
after,24.3316666949838,35,29,fresh,pitch.eephus,12.3880382487295,3,72,0,96,0.0
after,22.0304698949838,34,30,repeat,pitch.eephus,13.9426144516484,3,86,0,96,0.0
after,23.9734666949838,34,30,mixed,pitch.eephus,12.3042743640854,3,74,0,96,0.0
after,21.6403574867547,40,38,fresh,pitch.eephus,17.6564964355396,5,72,0,96,0.0
after,19.4708726867547,56,42,repeat,pitch.eephus,22.1329714036669,5,86,0,96,0.0
after,21.3023174867547,43,39,mixed,pitch.eephus,18.0147566921868,5,74,0,96,0.0
after,17.6081807144135,58,49,fresh,pitch.eephus,27.444528200985,8,72,0,96,0.0
after,15.6362639144135,73,66,repeat,pitch.eephus,35.271772435947,8,86,0,96,0.0
after,17.3003807144135,60,52,mixed,pitch.eephus,28.6110845077713,8,74,0,96,0.0
after,26.97031482476,35,27,fresh,pitch.eephus,11.6288030797795,3,62,0,96,0.35
after,24.66911802476,36,33,repeat,pitch.eephus,13.469523064394,3,72,0,96,0.35
after,26.41163982476,36,29,mixed,pitch.eephus,11.9146021209694,3,62,0,96,0.35
after,24.2832498036027,42,36,fresh,pitch.eephus,16.3056949387264,5,62,0,96,0.35
after,22.1137650036027,42,41,repeat,pitch.eephus,18.5236194772659,5,72,0,96,0.35
after,23.7537398036027,42,36,mixed,pitch.eephus,16.9067314023905,5,62,0,96,0.35
after,20.2535432637632,53,48,fresh,pitch.eephus,25.0716349642101,8,62,0,96,0.35
after,18.2816264637632,58,47,repeat,pitch.eephus,27.4092309201432,8,72,0,96,0.35
after,19.7672432637632,54,47,mixed,pitch.eephus,25.2799005161259,8,62,0,96,0.35
after,34.56,2,2,fresh,pitch.eephus,0.502439489344622,3,3,0,96,0.85
after,34.2361703970654,2,2,repeat,pitch.eephus,0.512028827323264,3,3,0,96,0.85
after,34.56,2,2,mixed,pitch.eephus,0.502439489344622,3,3,0,96,0.85
after,34.2486805789471,2,2,fresh,pitch.eephus,0.61829690278364,5,3,0,96,0.85
after,31.9380308381214,3,2,repeat,pitch.eephus,0.754460865059219,5,3,0,96,0.85
after,34.0099833979684,2,2,mixed,pitch.eephus,0.6316397154717,5,3,0,96,0.85
after,30.4990804579258,3,3,fresh,pitch.eephus,1.06845202425453,8,3,0,96,0.85
after,28.1099247154874,3,3,repeat,pitch.eephus,1.22237475318067,8,3,0,96,0.85
after,30.1274173544913,3,3,mixed,pitch.eephus,1.09164882168597,8,3,0,96,0.85
after,31.8031052863672,10,8,fresh,pitch.knuckleball,3.30209410351919,3,21,0,96,-0.85
after,30.7498238342636,11,9,repeat,pitch.knuckleball,3.72567199065228,3,21,0,96,-0.85
after,31.8031052863672,10,8,mixed,pitch.knuckleball,3.30209410351919,3,21,0,96,-0.85
after,30.6467552607579,14,11,fresh,pitch.knuckleball,5.08264718877322,5,19,0,96,-0.85
after,29.646958784211,14,11,repeat,pitch.knuckleball,5.06966908243967,5,19,0,96,-0.85
after,30.6467552607579,14,11,mixed,pitch.knuckleball,5.08264718877322,5,19,0,96,-0.85
after,28.8726014496347,15,15,fresh,pitch.knuckleball,7.03863868347476,8,18,0,96,-0.85
after,27.5490470547153,15,15,repeat,pitch.knuckleball,7.57526987084529,8,18,0,96,-0.85
after,28.8726014496347,15,15,mixed,pitch.knuckleball,7.03863868347476,8,18,0,96,-0.85
after,29.6515730271024,22,17,fresh,pitch.knuckleball,8.07962310395478,3,44,0,96,-0.35
after,27.986309022935,22,18,repeat,pitch.knuckleball,8.20846284398328,3,48,0,96,-0.35
after,29.6515730271024,22,17,mixed,pitch.knuckleball,8.07962310395478,3,44,0,96,-0.35
after,26.8149946004803,28,23,fresh,pitch.knuckleball,11.108141821594,5,45,0,96,-0.35
after,25.1731747213355,30,24,repeat,pitch.knuckleball,11.6166219432444,5,48,0,96,-0.35
after,26.8149946004803,28,23,mixed,pitch.knuckleball,11.108141821594,5,45,0,96,-0.35
after,22.5272162549929,34,32,fresh,pitch.knuckleball,16.798763599932,8,45,0,96,-0.35
after,21.033750390106,38,32,repeat,pitch.knuckleball,17.4495320336994,8,48,0,96,-0.35
after,22.5272162549929,34,32,mixed,pitch.knuckleball,16.798763599932,8,45,0,96,-0.35
after,27.5576455487306,28,24,fresh,pitch.knuckleball,11.455632200658,3,60,0,96,0.0
after,26.3701621211344,29,24,repeat,pitch.knuckleball,12.305890071246,3,66,0,96,0.0
after,27.5551540727248,28,24,mixed,pitch.knuckleball,11.455632200658,3,60,0,96,0.0
after,24.7082724331395,40,31,fresh,pitch.knuckleball,15.7303074785515,5,62,0,96,0.0
after,23.5886164381091,41,33,repeat,pitch.knuckleball,16.550297462303,5,68,0,96,0.0
after,24.7059219109782,40,31,mixed,pitch.knuckleball,15.7303074785515,5,62,0,96,0.0
after,20.4852645776727,48,48,fresh,pitch.knuckleball,24.1709146309897,8,62,0,96,0.0
after,19.4670202791217,56,52,repeat,pitch.knuckleball,26.3184424993821,8,70,0,96,0.0
after,20.4831252562086,48,48,mixed,pitch.knuckleball,24.1709146309897,8,62,0,96,0.0
after,29.6515730271024,16,12,fresh,pitch.knuckleball,6.70613304534575,3,44,0,96,0.35
after,27.986309022935,19,14,repeat,pitch.knuckleball,7.57112939417625,3,48,0,96,0.35
after,29.6515730271024,16,12,mixed,pitch.knuckleball,6.70613304534575,3,44,0,96,0.35
after,26.8149946004802,24,21,fresh,pitch.knuckleball,9.49330528535446,5,45,0,96,0.35
after,25.1731747213355,26,23,repeat,pitch.knuckleball,10.3621886225473,5,48,0,96,0.35
after,26.8149946004802,24,21,mixed,pitch.knuckleball,9.49330528535446,5,45,0,96,0.35
after,22.5272162549928,37,29,fresh,pitch.knuckleball,15.6409461182771,8,45,0,96,0.35
after,21.033750390106,38,30,repeat,pitch.knuckleball,16.5376796505622,8,48,0,96,0.35
after,22.5272162549928,37,29,mixed,pitch.knuckleball,15.6409461182771,8,45,0,96,0.35
after,31.8031052863672,9,9,fresh,pitch.knuckleball,3.70720125755266,3,21,0,96,0.85
after,30.7498238342636,8,7,repeat,pitch.knuckleball,3.52825254001282,3,21,0,96,0.85
after,31.8031052863672,9,9,mixed,pitch.knuckleball,3.70720125755266,3,21,0,96,0.85
after,30.6467552607579,14,9,fresh,pitch.knuckleball,4.63426455468781,5,19,0,96,0.85
after,29.646958784211,14,12,repeat,pitch.knuckleball,5.24053558521122,5,19,0,96,0.85
after,30.6467552607579,14,9,mixed,pitch.knuckleball,4.63426455468781,5,19,0,96,0.85
after,28.8726014496347,15,15,fresh,pitch.knuckleball,6.79350147838708,8,18,0,96,0.85
after,27.5490470547153,16,15,repeat,pitch.knuckleball,7.29186300605353,8,18,0,96,0.85
after,28.8726014496347,15,15,mixed,pitch.knuckleball,6.79350147838708,8,18,0,96,0.85
after,34.56,3,3,fresh,pitch.riser,1.09486240032501,3,3,0,96,-0.85
after,34.2289821606839,3,3,repeat,pitch.riser,1.14581717922517,3,3,0,96,-0.85
after,34.56,3,3,mixed,pitch.riser,1.09486240032501,3,3,0,96,-0.85
after,34.2289507202662,3,3,fresh,pitch.riser,1.30691790854194,5,3,0,96,-0.85
after,31.967180419518,3,3,repeat,pitch.riser,1.41053786262142,5,3,0,96,-0.85
after,34.2289507202662,3,3,mixed,pitch.riser,1.30691790854194,5,3,0,96,-0.85
after,30.4547235899635,3,3,fresh,pitch.riser,1.62538360335706,8,4,0,96,-0.85
after,28.0677413340552,3,3,repeat,pitch.riser,1.71963375752284,8,3,0,96,-0.85
after,30.4547235899635,3,3,mixed,pitch.riser,1.62538360335706,8,4,0,96,-0.85
after,27.5457167341743,29,26,fresh,pitch.riser,9.72980126824017,3,62,0,96,-0.35
after,25.235552869282,32,29,repeat,pitch.riser,11.3317208731425,3,72,0,96,-0.35
after,27.5457167341743,29,26,mixed,pitch.riser,9.72980126824017,3,62,0,96,-0.35
after,24.7945601648212,37,32,fresh,pitch.riser,13.9738460661036,5,62,0,96,-0.35
after,22.6188049420488,47,35,repeat,pitch.riser,16.3844876777579,5,72,0,96,-0.35
after,24.7945601648212,37,32,mixed,pitch.riser,13.9738460661036,5,62,0,96,-0.35
after,20.6838011833827,50,46,fresh,pitch.riser,23.1047185399966,8,62,0,96,-0.35
after,18.7095046546734,55,50,repeat,pitch.riser,25.9897950531041,8,72,0,96,-0.35
after,20.6838011833827,50,46,mixed,pitch.riser,23.1047185399966,8,62,0,96,-0.35
after,25.3364534759357,29,23,fresh,pitch.riser,9.45391704582364,3,76,0,96,0.0
after,23.026193406442,42,26,repeat,pitch.riser,12.7986888081618,3,90,0,96,0.0
after,25.3364534759357,29,23,mixed,pitch.riser,9.45391704582364,3,76,0,96,0.0
after,22.5261388144189,47,33,fresh,pitch.riser,15.5670676623995,5,76,0,96,0.0
after,20.3503058694838,63,41,repeat,pitch.riser,20.5898902588345,5,90,0,96,0.0
after,22.5261388144189,47,33,mixed,pitch.riser,15.5670676623995,5,76,0,96,0.0
after,18.3989618318637,56,53,fresh,pitch.riser,26.1472490497602,8,76,0,96,0.0
after,16.4245027442264,75,68,repeat,pitch.riser,34.7426370223736,8,90,0,96,0.0
after,18.3989618318637,56,53,mixed,pitch.riser,26.1472490497602,8,76,0,96,0.0
after,27.5457167341743,30,26,fresh,pitch.riser,9.74649714978889,3,62,0,96,0.35
after,25.235552869282,31,29,repeat,pitch.riser,11.3095377130306,3,72,0,96,0.35
after,27.5357329826331,30,26,mixed,pitch.riser,9.74649714978889,3,62,0,96,0.35
after,24.7945601648212,38,32,fresh,pitch.riser,14.0148555269749,5,62,0,96,0.35
after,22.6188049420488,49,34,repeat,pitch.riser,16.4272941512197,5,72,0,96,0.35
after,24.7945601648212,38,32,mixed,pitch.riser,14.0148555269749,5,62,0,96,0.35
after,20.6838011833827,53,48,fresh,pitch.riser,23.3125367639449,8,62,0,96,0.35
after,18.7095046546734,55,51,repeat,pitch.riser,26.0538323745252,8,72,0,96,0.35
after,20.6838011833827,53,48,mixed,pitch.riser,23.3125367639449,8,62,0,96,0.35
after,34.56,3,0,fresh,pitch.riser,0.257552221786894,3,3,0,96,0.85
after,34.2289821606838,3,1,repeat,pitch.riser,0.323628241138271,3,3,0,96,0.85
after,34.56,3,0,mixed,pitch.riser,0.257552221786894,3,3,0,96,0.85
after,34.2289507202662,3,3,fresh,pitch.riser,0.534901653690756,5,3,0,96,0.85
after,31.9671804195181,3,3,repeat,pitch.riser,0.707062387696649,5,3,0,96,0.85
after,34.2289507202662,3,3,mixed,pitch.riser,0.534901653690756,5,3,0,96,0.85
after,30.4547235899635,3,3,fresh,pitch.riser,1.0319809034171,8,4,0,96,0.85
after,28.0677413340553,3,3,repeat,pitch.riser,1.18539482044494,8,3,0,96,0.85
after,30.4547235899635,3,3,mixed,pitch.riser,1.0319809034171,8,4,0,96,0.85
after,34.5552563623006,2,2,fresh,pitch.drop,1.42091713580745,3,4,0,96,-0.85
after,33.258646215859,2,2,repeat,pitch.drop,1.40920889545356,3,3,0,96,-0.85
after,34.5552563623006,2,2,mixed,pitch.drop,1.42091713580745,3,4,0,96,-0.85
after,33.1534947682746,3,2,fresh,pitch.drop,1.49175786943126,5,4,0,96,-0.85
after,30.673601967077,3,2,repeat,pitch.drop,1.58029405945969,5,3,0,96,-0.85
after,33.1534947682746,3,2,mixed,pitch.drop,1.49175786943126,5,4,0,96,-0.85
after,29.1228263872031,3,3,fresh,pitch.drop,1.76785037985439,8,4,0,96,-0.85
after,26.8623113278754,3,3,repeat,pitch.drop,1.83227263711067,8,3,0,96,-0.85
after,29.119815321115,3,3,mixed,pitch.drop,1.76785037985439,8,4,0,96,-0.85
after,26.3023579945691,34,26,fresh,pitch.drop,12.4254085563429,3,62,0,96,-0.35
after,24.0971865720411,41,28,repeat,pitch.drop,14.1665277141451,3,72,0,96,-0.35
after,26.3008996390243,34,26,mixed,pitch.drop,12.4254085563429,3,62,0,96,-0.35
after,23.6071385909814,44,38,fresh,pitch.drop,17.2742675560777,5,62,0,96,-0.35
after,21.519818229877,45,43,repeat,pitch.drop,19.6880210928456,5,71,0,96,-0.35
after,23.6071385909814,44,38,mixed,pitch.drop,17.2742675560777,5,62,0,96,-0.35
after,19.5555618202341,53,48,fresh,pitch.drop,25.9547888029517,8,62,0,96,-0.35
after,17.6779853783249,60,49,repeat,pitch.drop,28.5451189894363,8,71,0,96,-0.35
after,19.5543157329055,53,48,mixed,pitch.drop,25.9559631811719,8,62,0,96,-0.35
after,24.4724252568645,38,28,fresh,pitch.drop,13.4744181757503,3,72,0,96,0.0
after,22.2828158132021,40,34,repeat,pitch.drop,15.8291378819288,3,82,0,96,0.0
after,24.469508737046,38,28,mixed,pitch.drop,13.4744181757503,3,72,0,96,0.0
after,21.7925650134596,44,42,fresh,pitch.drop,19.1363909946442,5,72,0,96,0.0
after,19.7030171561483,52,44,repeat,pitch.drop,22.3775249069792,5,86,0,96,0.0
after,21.7925650134596,44,42,mixed,pitch.drop,19.1363909946442,5,72,0,96,0.0
after,17.7537959048909,58,46,fresh,pitch.drop,28.2935840711294,8,72,0,96,0.0
after,15.8761996826076,68,57,repeat,pitch.drop,32.7265169195744,8,82,0,96,0.0
after,17.7525493843729,58,46,mixed,pitch.drop,28.2935840711294,8,72,0,96,0.0
after,26.3023579945691,35,26,fresh,pitch.drop,12.4438117285786,3,62,0,96,0.35
after,24.0971865720411,40,28,repeat,pitch.drop,14.1151018138927,3,72,0,96,0.35
after,26.0881548937127,35,26,mixed,pitch.drop,12.6261205558478,3,62,0,96,0.35
after,23.6071385909814,43,38,fresh,pitch.drop,17.2483928897106,5,62,0,96,0.35
after,21.519818229877,45,43,repeat,pitch.drop,19.6658527429887,5,71,0,96,0.35
after,23.4080983163141,44,38,mixed,pitch.drop,17.4613937779868,5,62,0,96,0.35
after,19.5555618202341,54,48,fresh,pitch.drop,25.9891981786645,8,62,0,96,0.35
after,17.6779853783249,60,48,repeat,pitch.drop,28.5741463799431,8,71,0,96,0.35
after,19.3516261780976,54,48,mixed,pitch.drop,26.3498428814907,8,62,0,96,0.35
after,34.5552563623006,2,2,fresh,pitch.drop,0.532020585353843,3,4,0,96,0.85
after,33.258646215859,2,2,repeat,pitch.drop,0.574852255365232,3,3,0,96,0.85
after,34.5547179749922,2,2,mixed,pitch.drop,0.532020585353843,3,4,0,96,0.85
after,33.1534947682746,2,2,fresh,pitch.drop,0.693397281451371,5,4,0,96,0.85
after,30.673601967077,2,2,repeat,pitch.drop,0.797993367149487,5,3,0,96,0.85
after,33.1534947682746,2,2,mixed,pitch.drop,0.693397281451371,5,4,0,96,0.85
after,29.1228263872031,3,2,fresh,pitch.drop,1.08158053406903,8,4,0,96,0.85
after,26.8623113278754,3,3,repeat,pitch.drop,1.21853072766472,8,3,0,96,0.85
after,29.1118034115468,3,2,mixed,pitch.drop,1.08158053406903,8,4,0,96,0.85
