version,contact,fair,pitch,rating,strikes,swings,timing_miss,x,y
before_f1dc209,9,7,pitch.overhand_four_seam,3,24,16,0,-0.34,0.67
before_f1dc209,10,8,pitch.overhand_four_seam,3,24,20,0,-0.34,1.05
before_f1dc209,6,6,pitch.overhand_four_seam,3,24,12,0,-0.34,1.43
before_f1dc209,10,8,pitch.overhand_four_seam,3,24,20,0,0.0,0.67
before_f1dc209,12,10,pitch.overhand_four_seam,3,24,22,2,0.0,1.05
before_f1dc209,10,8,pitch.overhand_four_seam,3,24,20,0,0.0,1.43
before_f1dc209,10,7,pitch.overhand_four_seam,3,24,16,0,0.34,0.67
before_f1dc209,11,8,pitch.overhand_four_seam,3,24,20,0,0.34,1.05
before_f1dc209,7,6,pitch.overhand_four_seam,3,24,12,0,0.34,1.43
before_f1dc209,9,5,pitch.overhand_slider,3,24,16,0,-0.34,0.67
before_f1dc209,11,7,pitch.overhand_slider,3,24,20,0,-0.34,1.05
before_f1dc209,7,3,pitch.overhand_slider,3,24,12,0,-0.34,1.43
before_f1dc209,11,7,pitch.overhand_slider,3,24,20,0,0.0,0.67
before_f1dc209,14,9,pitch.overhand_slider,3,24,22,0,0.0,1.05
before_f1dc209,10,6,pitch.overhand_slider,3,24,20,0,0.0,1.43
before_f1dc209,11,5,pitch.overhand_slider,3,24,16,0,0.34,0.67
before_f1dc209,11,7,pitch.overhand_slider,3,24,20,0,0.34,1.05
before_f1dc209,8,3,pitch.overhand_slider,3,24,12,0,0.34,1.43
before_f1dc209,8,5,pitch.drop,3,24,19,0,-0.34,0.67
before_f1dc209,8,6,pitch.drop,3,24,20,0,-0.34,1.05
before_f1dc209,6,4,pitch.drop,3,24,12,0,-0.34,1.43
before_f1dc209,8,7,pitch.drop,3,24,20,0,0.0,0.67
before_f1dc209,9,8,pitch.drop,3,24,22,0,0.0,1.05
before_f1dc209,6,6,pitch.drop,3,24,14,0,0.0,1.43
before_f1dc209,9,5,pitch.drop,3,24,19,0,0.34,0.67
before_f1dc209,8,6,pitch.drop,3,24,20,0,0.34,1.05
before_f1dc209,6,5,pitch.drop,3,24,12,0,0.34,1.43
before_f1dc209,11,10,pitch.overhand_four_seam,5,24,16,0,-0.34,0.67
before_f1dc209,13,12,pitch.overhand_four_seam,5,24,20,0,-0.34,1.05
before_f1dc209,8,8,pitch.overhand_four_seam,5,24,12,0,-0.34,1.43
before_f1dc209,13,12,pitch.overhand_four_seam,5,24,20,0,0.0,0.67
before_f1dc209,14,12,pitch.overhand_four_seam,5,24,22,2,0.0,1.05
before_f1dc209,12,12,pitch.overhand_four_seam,5,24,20,0,0.0,1.43
before_f1dc209,12,11,pitch.overhand_four_seam,5,24,16,0,0.34,0.67
before_f1dc209,13,12,pitch.overhand_four_seam,5,24,20,0,0.34,1.05
before_f1dc209,9,7,pitch.overhand_four_seam,5,24,12,0,0.34,1.43
before_f1dc209,12,9,pitch.overhand_slider,5,24,16,0,-0.34,0.67
before_f1dc209,13,11,pitch.overhand_slider,5,24,20,0,-0.34,1.05
before_f1dc209,9,7,pitch.overhand_slider,5,24,12,0,-0.34,1.43
before_f1dc209,13,12,pitch.overhand_slider,5,24,20,0,0.0,0.67
before_f1dc209,15,14,pitch.overhand_slider,5,24,22,0,0.0,1.05
before_f1dc209,13,10,pitch.overhand_slider,5,24,20,0,0.0,1.43
before_f1dc209,12,9,pitch.overhand_slider,5,24,16,0,0.34,0.67
before_f1dc209,13,10,pitch.overhand_slider,5,24,20,0,0.34,1.05
before_f1dc209,9,8,pitch.overhand_slider,5,24,12,0,0.34,1.43
before_f1dc209,12,9,pitch.drop,5,24,19,0,-0.34,0.67
before_f1dc209,12,10,pitch.drop,5,24,20,0,-0.34,1.05
before_f1dc209,8,6,pitch.drop,5,24,10,0,-0.34,1.43
before_f1dc209,15,10,pitch.drop,5,24,22,0,0.0,0.67
before_f1dc209,16,12,pitch.drop,5,24,22,0,0.0,1.05
before_f1dc209,8,6,pitch.drop,5,24,10,0,0.0,1.43
before_f1dc209,13,10,pitch.drop,5,24,19,0,0.34,0.67
before_f1dc209,13,10,pitch.drop,5,24,20,0,0.34,1.05
before_f1dc209,8,6,pitch.drop,5,24,10,0,0.34,1.43
before_f1dc209,15,15,pitch.overhand_four_seam,8,24,15,0,-0.34,0.67
before_f1dc209,14,14,pitch.overhand_four_seam,8,24,20,0,-0.34,1.05
before_f1dc209,12,12,pitch.overhand_four_seam,8,24,12,0,-0.34,1.43
before_f1dc209,14,14,pitch.overhand_four_seam,8,24,20,0,0.0,0.67
before_f1dc209,16,16,pitch.overhand_four_seam,8,24,22,0,0.0,1.05
before_f1dc209,14,14,pitch.overhand_four_seam,8,24,20,0,0.0,1.43
before_f1dc209,15,15,pitch.overhand_four_seam,8,24,15,0,0.34,0.67
before_f1dc209,14,14,pitch.overhand_four_seam,8,24,20,0,0.34,1.05
before_f1dc209,12,12,pitch.overhand_four_seam,8,24,12,0,0.34,1.43
before_f1dc209,15,13,pitch.overhand_slider,8,24,16,0,-0.34,0.67
before_f1dc209,15,14,pitch.overhand_slider,8,24,20,0,-0.34,1.05
before_f1dc209,12,11,pitch.overhand_slider,8,24,12,0,-0.34,1.43
before_f1dc209,15,14,pitch.overhand_slider,8,24,20,0,0.0,0.67
before_f1dc209,18,16,pitch.overhand_slider,8,24,22,0,0.0,1.05
before_f1dc209,15,13,pitch.overhand_slider,8,24,20,0,0.0,1.43
before_f1dc209,14,13,pitch.overhand_slider,8,24,16,0,0.34,0.67
before_f1dc209,15,14,pitch.overhand_slider,8,24,20,0,0.34,1.05
before_f1dc209,12,11,pitch.overhand_slider,8,24,12,0,0.34,1.43
before_f1dc209,16,14,pitch.drop,8,24,19,0,-0.34,0.67
before_f1dc209,15,14,pitch.drop,8,24,19,0,-0.34,1.05
before_f1dc209,12,12,pitch.drop,8,24,12,0,-0.34,1.43
before_f1dc209,18,16,pitch.drop,8,24,22,0,0.0,0.67
before_f1dc209,18,16,pitch.drop,8,24,22,0,0.0,1.05
before_f1dc209,14,14,pitch.drop,8,24,14,0,0.0,1.43
before_f1dc209,16,14,pitch.drop,8,24,19,0,0.34,0.67
before_f1dc209,15,14,pitch.drop,8,24,19,0,0.34,1.05
before_f1dc209,12,12,pitch.drop,8,24,12,0,0.34,1.43
after,7,5,pitch.overhand_four_seam,3,24,20,3,-0.34,0.67
after,7,5,pitch.overhand_four_seam,3,24,20,3,-0.34,1.05
after,2,2,pitch.overhand_four_seam,3,24,12,4,-0.34,1.43
after,8,6,pitch.overhand_four_seam,3,24,22,4,0.0,0.67
after,8,6,pitch.overhand_four_seam,3,24,22,4,0.0,1.05
after,3,2,pitch.overhand_four_seam,3,24,16,4,0.0,1.43
after,6,5,pitch.overhand_four_seam,3,24,20,3,0.34,0.67
after,6,5,pitch.overhand_four_seam,3,24,20,3,0.34,1.05
after,3,2,pitch.overhand_four_seam,3,24,12,4,0.34,1.43
after,6,4,pitch.overhand_slider,3,24,16,0,-0.34,0.67
after,7,5,pitch.overhand_slider,3,24,19,0,-0.34,1.05
after,5,2,pitch.overhand_slider,3,24,13,1,-0.34,1.43
after,6,4,pitch.overhand_slider,3,24,20,0,0.0,0.67
after,9,6,pitch.overhand_slider,3,24,22,2,0.0,1.05
after,7,4,pitch.overhand_slider,3,24,20,0,0.0,1.43
after,5,3,pitch.overhand_slider,3,24,16,0,0.34,0.67
after,7,4,pitch.overhand_slider,3,24,19,0,0.34,1.05
after,4,2,pitch.overhand_slider,3,24,13,1,0.34,1.43
after,8,2,pitch.drop,3,24,17,0,-0.34,0.67
after,8,4,pitch.drop,3,24,20,0,-0.34,1.05
after,6,2,pitch.drop,3,24,12,0,-0.34,1.43
after,8,3,pitch.drop,3,24,20,0,0.0,0.67
after,6,4,pitch.drop,3,24,22,2,0.0,1.05
after,6,4,pitch.drop,3,24,18,0,0.0,1.43
after,8,2,pitch.drop,3,24,17,0,0.34,0.67
after,8,4,pitch.drop,3,24,20,0,0.34,1.05
after,6,4,pitch.drop,3,24,12,0,0.34,1.43
after,8,7,pitch.overhand_four_seam,5,24,20,3,-0.34,0.67
after,8,6,pitch.overhand_four_seam,5,24,20,4,-0.34,1.05
after,4,2,pitch.overhand_four_seam,5,24,12,4,-0.34,1.43
after,10,8,pitch.overhand_four_seam,5,24,22,4,0.0,0.67
after,9,6,pitch.overhand_four_seam,5,24,22,6,0.0,1.05
after,6,4,pitch.overhand_four_seam,5,24,16,4,0.0,1.43
after,8,7,pitch.overhand_four_seam,5,24,20,3,0.34,0.67
after,9,6,pitch.overhand_four_seam,5,24,20,4,0.34,1.05
after,5,2,pitch.overhand_four_seam,5,24,12,4,0.34,1.43
after,10,8,pitch.overhand_slider,5,24,18,0,-0.34,0.67
after,11,9,pitch.overhand_slider,5,24,19,0,-0.34,1.05
after,6,5,pitch.overhand_slider,5,24,12,1,-0.34,1.43
after,11,8,pitch.overhand_slider,5,24,20,0,0.0,0.67
after,14,11,pitch.overhand_slider,5,24,22,0,0.0,1.05
after,11,7,pitch.overhand_slider,5,24,20,0,0.0,1.43
after,11,7,pitch.overhand_slider,5,24,18,0,0.34,0.67
after,12,8,pitch.overhand_slider,5,24,19,0,0.34,1.05
after,7,5,pitch.overhand_slider,5,24,12,1,0.34,1.43
after,8,8,pitch.drop,5,24,18,0,-0.34,0.67
after,8,7,pitch.drop,5,24,20,0,-0.34,1.05
after,6,6,pitch.drop,5,24,12,0,-0.34,1.43
after,9,8,pitch.drop,5,24,20,0,0.0,0.67
after,10,9,pitch.drop,5,24,22,0,0.0,1.05
after,8,7,pitch.drop,5,24,20,0,0.0,1.43
after,8,6,pitch.drop,5,24,18,0,0.34,0.67
after,8,7,pitch.drop,5,24,20,0,0.34,1.05
after,7,6,pitch.drop,5,24,12,0,0.34,1.43
after,11,11,pitch.overhand_four_seam,8,24,20,3,-0.34,0.67
after,10,10,pitch.overhand_four_seam,8,24,20,4,-0.34,1.05
after,8,6,pitch.overhand_four_seam,8,24,12,4,-0.34,1.43
after,12,12,pitch.overhand_four_seam,8,24,20,2,0.0,0.67
after,10,10,pitch.overhand_four_seam,8,24,22,6,0.0,1.05
after,10,8,pitch.overhand_four_seam,8,24,16,4,0.0,1.43
after,11,11,pitch.overhand_four_seam,8,24,20,3,0.34,0.67
after,10,10,pitch.overhand_four_seam,8,24,20,4,0.34,1.05
after,8,6,pitch.overhand_four_seam,8,24,12,4,0.34,1.43
after,14,14,pitch.overhand_slider,8,24,18,0,-0.34,0.67
after,15,12,pitch.overhand_slider,8,24,20,0,-0.34,1.05
after,11,11,pitch.overhand_slider,8,24,12,0,-0.34,1.43
after,14,12,pitch.overhand_slider,8,24,20,0,0.0,0.67
after,18,15,pitch.overhand_slider,8,24,22,0,0.0,1.05
after,13,12,pitch.overhand_slider,8,24,20,0,0.0,1.43
after,15,13,pitch.overhand_slider,8,24,18,0,0.34,0.67
after,15,13,pitch.overhand_slider,8,24,20,0,0.34,1.05
after,11,11,pitch.overhand_slider,8,24,12,0,0.34,1.43
after,14,11,pitch.drop,8,24,18,0,-0.34,0.67
after,14,11,pitch.drop,8,24,20,0,-0.34,1.05
after,12,11,pitch.drop,8,24,12,0,-0.34,1.43
after,15,12,pitch.drop,8,24,20,0,0.0,0.67
after,18,15,pitch.drop,8,24,22,0,0.0,1.05
after,14,11,pitch.drop,8,24,18,0,0.0,1.43
after,14,11,pitch.drop,8,24,18,0,0.34,0.67
after,14,12,pitch.drop,8,24,20,0,0.34,1.05
after,12,10,pitch.drop,8,24,12,0,0.34,1.43
